,inning,batting_team,bowling_team,batsman,bowler,batsman_name,non_striker,bowler_name,bat_right_handed,ovr,runs_batter,runs_w_extras,extras,x,y,z,landing_x,landing_y,ended_x,ended_y,ball_speed,cumul_runs,wicket,wicket_method,who_out,control,extras_type
0,1,India,Pakistan,34102,429981,Rohit Sharma,Shikhar Dhawan,Mohammad Irfan,y,0.1,0.0,0.0,0.0,0.0,0.0,0.0,-0.26,6.95,-0.81,0.87,85.090,0.0,False,,,1,
1,1,India,Pakistan,34102,429981,Rohit Sharma,Shikhar Dhawan,Mohammad Irfan,y,0.2,0.0,0.0,0.0,0.0,0.0,0.0,-0.18,7.94,-0.80,1.04,88.353,0.0,False,,,1,
2,1,India,Pakistan,34102,429981,Rohit Sharma,Shikhar Dhawan,Mohammad Irfan,y,0.3,0.0,0.0,0.0,153.0,183.0,6.0,0.06,6.55,-0.23,0.91,88.344,0.0,False,,,1,
3,1,India,Pakistan,34102,429981,Rohit Sharma,Shikhar Dhawan,Mohammad Irfan,y,0.4,1.0,1.0,0.0,69.0,94.0,7.0,-0.02,7.32,-0.42,0.84,87.327,1.0,False,,,1,
4,1,India,Pakistan,28235,429981,Shikhar Dhawan,Rohit Sharma,Mohammad Irfan,n,0.5,1.0,1.0,0.0,292.0,75.0,2.0,0.31,6.62,0.17,0.89,88.511,2.0,False,,,1,
5,1,India,Pakistan,34102,429981,Rohit Sharma,Shikhar Dhawan,Mohammad Irfan,y,0.6,0.0,0.0,0.0,0.0,0.0,0.0,-0.04,5.92,-0.48,0.78,87.146,2.0,False,,,0,
6,1,India,Pakistan,28235,317252,Shikhar Dhawan,Rohit Sharma,Sohail Khan,n,1.1,0.0,0.0,0.0,201.0,206.0,4.0,0.01,3.90,-0.08,0.44,80.298,2.0,False,,,1,
7,1,India,Pakistan,28235,317252,Shikhar Dhawan,Rohit Sharma,Sohail Khan,n,1.2,1.0,1.0,0.0,50.0,115.0,7.0,-0.08,6.31,-0.19,0.64,84.794,3.0,False,,,1,
8,1,India,Pakistan,34102,317252,Rohit Sharma,Shikhar Dhawan,Sohail Khan,y,1.3,0.0,1.0,1.0,0.0,0.0,0.0,0.13,8.16,0.39,0.99,84.449,4.0,False,,,0,Wd
9,1,India,Pakistan,34102,317252,Rohit Sharma,Shikhar Dhawan,Sohail Khan,y,1.3,1.0,1.0,0.0,259.0,160.0,2.0,-0.16,7.21,0.01,0.78,83.526,5.0,False,,,1,
10,1,India,Pakistan,28235,317252,Shikhar Dhawan,Rohit Sharma,Sohail Khan,n,1.4,0.0,0.0,0.0,251.0,165.0,2.0,0.44,5.78,0.76,0.70,85.104,5.0,False,,,1,
11,1,India,Pakistan,28235,317252,Shikhar Dhawan,Rohit Sharma,Sohail Khan,n,1.5,0.0,0.0,0.0,0.0,0.0,0.0,0.22,7.81,0.72,0.89,85.362,5.0,False,,,1,
12,1,India,Pakistan,28235,317252,Shikhar Dhawan,Rohit Sharma,Sohail Khan,n,1.6,0.0,0.0,0.0,0.0,0.0,0.0,0.25,6.99,0.70,0.74,84.269,5.0,False,,,1,
13,1,India,Pakistan,34102,429981,Rohit Sharma,Shikhar Dhawan,Mohammad Irfan,y,2.1,1.0,1.0,0.0,63.0,86.0,7.0,-0.31,3.14,-0.51,0.39,84.498,6.0,False,,,1,
14,1,India,Pakistan,28235,429981,Shikhar Dhawan,Rohit Sharma,Mohammad Irfan,n,2.2,0.0,0.0,0.0,256.0,181.0,3.0,0.31,6.71,0.09,0.89,-2.237,6.0,False,,,1,
15,1,India,Pakistan,28235,429981,Shikhar Dhawan,Rohit Sharma,Mohammad Irfan,n,2.3,0.0,0.0,0.0,0.0,0.0,0.0,0.39,10.53,0.08,1.72,85.937,6.0,False,,,1,
16,1,India,Pakistan,28235,429981,Shikhar Dhawan,Rohit Sharma,Mohammad Irfan,n,2.4,0.0,0.0,0.0,126.0,136.0,7.0,0.26,9.50,-0.28,1.56,88.235,6.0,False,,,1,
17,1,India,Pakistan,28235,429981,Shikhar Dhawan,Rohit Sharma,Mohammad Irfan,n,2.5,1.0,1.0,0.0,269.0,60.0,1.0,0.47,10.63,0.10,1.66,88.411,7.0,False,,,0,
18,1,India,Pakistan,34102,429981,Rohit Sharma,Shikhar Dhawan,Mohammad Irfan,y,2.6,0.0,0.0,0.0,0.0,0.0,0.0,-0.05,8.59,-0.85,1.07,90.749,7.0,False,,,1,
19,1,India,Pakistan,28235,317252,Shikhar Dhawan,Rohit Sharma,Sohail Khan,n,3.1,0.0,0.0,0.0,161.0,198.0,5.0,-0.05,6.96,-0.02,0.70,83.317,7.0,False,,,1,
20,1,India,Pakistan,28235,317252,Shikhar Dhawan,Rohit Sharma,Sohail Khan,n,3.2,0.0,0.0,0.0,237.0,197.0,3.0,-0.10,9.95,0.38,1.15,86.225,7.0,False,,,1,
21,1,India,Pakistan,28235,317252,Shikhar Dhawan,Rohit Sharma,Sohail Khan,n,3.3,1.0,1.0,0.0,120.0,243.0,5.0,-0.10,9.95,0.38,1.15,86.225,8.0,False,,,1,
22,1,India,Pakistan,34102,317252,Rohit Sharma,Shikhar Dhawan,Sohail Khan,y,3.4,1.0,1.0,0.0,119.0,199.0,6.0,-0.01,6.16,0.14,0.60,85.918,9.0,False,,,0,
23,1,India,Pakistan,28235,317252,Shikhar Dhawan,Rohit Sharma,Sohail Khan,n,3.5,4.0,4.0,0.0,350.0,148.0,2.0,0.15,9.16,0.61,1.16,85.144,13.0,False,,,1,
24,1,India,Pakistan,28235,317252,Shikhar Dhawan,Rohit Sharma,Sohail Khan,n,3.6,0.0,0.0,0.0,0.0,0.0,0.0,-0.26,6.50,-0.28,0.63,84.245,13.0,False,,,0,
25,1,India,Pakistan,34102,429981,Rohit Sharma,Shikhar Dhawan,Mohammad Irfan,y,4.1,4.0,4.0,0.0,350.0,220.0,3.0,0.20,5.50,-0.03,0.73,88.669,17.0,False,,,1,
26,1,India,Pakistan,34102,429981,Rohit Sharma,Shikhar Dhawan,Mohammad Irfan,y,4.2,0.0,0.0,0.0,0.0,0.0,0.0,-0.13,6.61,-0.58,0.88,89.490,17.0,False,,,1,
27,1,India,Pakistan,34102,429981,Rohit Sharma,Shikhar Dhawan,Mohammad Irfan,y,4.3,0.0,0.0,0.0,0.0,0.0,0.0,0.14,10.48,-0.66,1.57,87.613,17.0,False,,,1,
28,1,India,Pakistan,34102,429981,Rohit Sharma,Shikhar Dhawan,Mohammad Irfan,y,4.4,0.0,0.0,0.0,0.0,0.0,0.0,-0.52,6.11,-0.38,0.78,88.284,17.0,False,,,1,
29,1,India,Pakistan,34102,429981,Rohit Sharma,Shikhar Dhawan,Mohammad Irfan,y,4.5,0.0,0.0,0.0,0.0,0.0,0.0,-0.52,6.96,-0.43,0.90,90.005,17.0,False,,,0,
30,1,India,Pakistan,34102,429981,Rohit Sharma,Shikhar Dhawan,Mohammad Irfan,y,4.6,4.0,4.0,0.0,7.0,185.0,6.0,-0.49,1.80,-0.46,0.21,89.152,21.0,False,,,1,
31,1,India,Pakistan,28235,317252,Shikhar Dhawan,Rohit Sharma,Sohail Khan,n,5.1,1.0,1.0,0.0,118.0,42.0,8.0,-0.37,11.27,-0.32,1.52,87.572,22.0,False,,,1,
32,1,India,Pakistan,34102,317252,Rohit Sharma,Shikhar Dhawan,Sohail Khan,y,5.2,0.0,0.0,0.0,136.0,181.0,6.0,-0.36,6.57,-0.33,0.72,85.427,22.0,False,,,1,
33,1,India,Pakistan,34102,317252,Rohit Sharma,Shikhar Dhawan,Sohail Khan,y,5.3,1.0,1.0,0.0,239.0,193.0,3.0,-0.25,9.23,0.02,1.11,86.098,23.0,False,,,1,
34,1,India,Pakistan,28235,317252,Shikhar Dhawan,Rohit Sharma,Sohail Khan,n,5.4,0.0,0.0,0.0,231.0,191.0,3.0,-0.14,9.01,0.15,1.09,85.498,23.0,False,,,1,
35,1,India,Pakistan,28235,317252,Shikhar Dhawan,Rohit Sharma,Sohail Khan,n,5.5,0.0,0.0,0.0,129.0,177.0,6.0,-0.09,9.70,0.12,1.39,85.250,23.0,False,,,0,
36,1,India,Pakistan,28235,317252,Shikhar Dhawan,Rohit Sharma,Sohail Khan,n,5.6,0.0,1.0,1.0,125.0,42.0,8.0,-0.37,8.14,-0.42,0.95,84.402,24.0,False,,,0,Lb
37,1,India,Pakistan,28235,429981,Shikhar Dhawan,Rohit Sharma,Mohammad Irfan,n,6.1,0.0,0.0,0.0,143.0,119.0,8.0,0.27,9.72,-0.22,1.57,85.422,24.0,False,,,1,
38,1,India,Pakistan,28235,429981,Shikhar Dhawan,Rohit Sharma,Mohammad Irfan,n,6.2,0.0,0.0,0.0,167.0,191.0,5.0,0.22,7.12,-0.08,0.95,89.951,24.0,False,,,1,
39,1,India,Pakistan,28235,429981,Shikhar Dhawan,Rohit Sharma,Mohammad Irfan,n,6.3,6.0,6.0,0.0,18.0,116.0,7.0,0.47,11.06,0.20,1.85,86.181,30.0,False,,,1,
40,1,India,Pakistan,28235,429981,Shikhar Dhawan,Rohit Sharma,Mohammad Irfan,n,6.4,0.0,0.0,0.0,227.0,143.0,2.0,0.46,10.35,0.18,1.68,88.256,30.0,False,,,1,
41,1,India,Pakistan,28235,429981,Shikhar Dhawan,Rohit Sharma,Mohammad Irfan,n,6.5,1.0,1.0,0.0,123.0,142.0,7.0,0.43,7.29,0.19,0.85,90.596,31.0,False,,,0,
42,1,India,Pakistan,34102,429981,Rohit Sharma,Shikhar Dhawan,Mohammad Irfan,y,6.6,2.0,2.0,0.0,49.0,85.0,7.0,-0.65,8.91,-0.63,1.14,88.133,33.0,False,,,1,
43,1,India,Pakistan,28235,317252,Shikhar Dhawan,Rohit Sharma,Sohail Khan,n,7.1,1.0,1.0,0.0,79.0,74.0,7.0,-0.28,8.73,-0.15,1.12,85.096,34.0,False,,,1,
44,1,India,Pakistan,34102,317252,Rohit Sharma,Shikhar Dhawan,Sohail Khan,y,7.2,0.0,0.0,0.0,158.0,198.0,5.0,-0.21,7.78,-0.15,0.87,85.100,34.0,False,,,1,
45,1,India,Pakistan,34102,317252,Rohit Sharma,Shikhar Dhawan,Sohail Khan,y,7.3,0.0,0.0,0.0,148.0,208.0,5.0,-0.41,8.92,-0.46,1.21,85.388,34.0,True,caught,34102,0,
46,1,India,Pakistan,253802,317252,Virat Kohli,Shikhar Dhawan,Sohail Khan,y,7.4,0.0,0.0,0.0,165.0,103.0,8.0,-0.51,9.70,-0.54,1.26,88.430,34.0,False,,,0,
47,1,India,Pakistan,253802,317252,Virat Kohli,Shikhar Dhawan,Sohail Khan,y,7.5,0.0,0.0,0.0,0.0,0.0,0.0,-0.59,8.23,-0.74,1.02,86.733,34.0,False,,,1,
48,1,India,Pakistan,253802,317252,Virat Kohli,Shikhar Dhawan,Sohail Khan,y,7.6,1.0,1.0,0.0,80.0,91.0,7.0,-0.53,8.14,-0.64,1.07,91.427,35.0,False,,,1,
49,1,India,Pakistan,253802,429981,Virat Kohli,Shikhar Dhawan,Mohammad Irfan,y,8.1,0.0,0.0,0.0,232.0,188.0,3.0,-0.04,2.90,-0.21,0.35,88.108,35.0,False,,,1,
50,1,India,Pakistan,253802,429981,Virat Kohli,Shikhar Dhawan,Mohammad Irfan,y,8.2,0.0,0.0,0.0,0.0,0.0,0.0,-0.16,7.06,-0.73,0.89,91.393,35.0,False,,,1,
51,1,India,Pakistan,253802,429981,Virat Kohli,Shikhar Dhawan,Mohammad Irfan,y,8.3,0.0,0.0,0.0,114.0,152.0,7.0,0.01,9.10,-0.84,1.26,88.028,35.0,False,,,1,
52,1,India,Pakistan,253802,429981,Virat Kohli,Shikhar Dhawan,Mohammad Irfan,y,8.4,1.0,1.0,0.0,106.0,51.0,8.0,0.04,7.68,-0.57,1.10,89.911,36.0,False,,,1,
53,1,India,Pakistan,28235,429981,Shikhar Dhawan,Virat Kohli,Mohammad Irfan,n,8.5,4.0,4.0,0.0,145.0,10.0,8.0,0.01,4.80,-0.29,0.59,92.598,40.0,False,,,1,
54,1,India,Pakistan,28235,429981,Shikhar Dhawan,Virat Kohli,Mohammad Irfan,n,8.6,0.0,0.0,0.0,133.0,185.0,6.0,0.36,9.28,-0.04,1.39,89.109,40.0,False,,,1,
55,1,India,Pakistan,253802,317252,Virat Kohli,Shikhar Dhawan,Sohail Khan,y,9.1,0.0,0.0,0.0,139.0,181.0,6.0,-0.31,8.55,-0.31,0.95,84.994,40.0,False,,,1,
56,1,India,Pakistan,253802,317252,Virat Kohli,Shikhar Dhawan,Sohail Khan,y,9.2,0.0,0.0,0.0,116.0,158.0,7.0,-0.42,8.60,-0.53,0.93,88.353,40.0,False,,,1,
57,1,India,Pakistan,253802,317252,Virat Kohli,Shikhar Dhawan,Sohail Khan,y,9.3,1.0,1.0,0.0,118.0,35.0,8.0,-0.39,8.74,-0.44,0.98,87.882,41.0,False,,,0,
58,1,India,Pakistan,28235,317252,Shikhar Dhawan,Virat Kohli,Sohail Khan,n,9.4,0.0,0.0,0.0,0.0,0.0,0.0,-0.25,9.03,-0.16,1.16,85.021,41.0,False,,,0,
59,1,India,Pakistan,28235,317252,Shikhar Dhawan,Virat Kohli,Sohail Khan,n,9.5,1.0,1.0,0.0,120.0,33.0,8.0,-0.25,7.89,-0.18,0.85,87.618,42.0,False,,,1,
60,1,India,Pakistan,253802,317252,Virat Kohli,Shikhar Dhawan,Sohail Khan,y,9.6,0.0,0.0,0.0,219.0,191.0,3.0,-0.26,9.17,-0.14,1.17,86.355,42.0,False,,,1,
61,1,India,Pakistan,28235,42639,Shikhar Dhawan,Virat Kohli,Shahid Afridi,n,10.1,1.0,1.0,0.0,96.0,106.0,7.0,-0.08,4.37,-0.11,0.64,53.942,43.0,False,,,1,
62,1,India,Pakistan,253802,42639,Virat Kohli,Shikhar Dhawan,Shahid Afridi,y,10.2,0.0,0.0,0.0,135.0,194.0,6.0,-0.11,4.91,-0.14,0.71,57.281,43.0,False,,,1,
63,1,India,Pakistan,253802,42639,Virat Kohli,Shikhar Dhawan,Shahid Afridi,y,10.3,0.0,0.0,0.0,208.0,218.0,4.0,-0.22,5.28,-0.17,0.81,60.437,43.0,False,,,1,
64,1,India,Pakistan,253802,42639,Virat Kohli,Shikhar Dhawan,Shahid Afridi,y,10.4,0.0,0.0,0.0,121.0,198.0,6.0,-0.22,4.59,-0.23,0.70,57.468,43.0,False,,,1,
65,1,India,Pakistan,253802,42639,Virat Kohli,Shikhar Dhawan,Shahid Afridi,y,10.5,1.0,1.0,0.0,259.0,301.0,4.0,-0.17,6.70,-0.14,0.83,57.679,44.0,False,,,0,
66,1,India,Pakistan,28235,42639,Shikhar Dhawan,Virat Kohli,Shahid Afridi,n,10.6,1.0,1.0,0.0,334.0,188.0,3.0,0.18,4.75,0.23,0.80,58.543,45.0,False,,,1,
67,1,India,Pakistan,28235,317252,Shikhar Dhawan,Virat Kohli,Sohail Khan,n,11.1,1.0,1.0,0.0,73.0,88.0,7.0,-0.20,7.06,-0.12,0.77,86.636,46.0,False,,,1,
68,1,India,Pakistan,253802,317252,Virat Kohli,Shikhar Dhawan,Sohail Khan,y,11.2,1.0,1.0,0.0,220.0,216.0,4.0,-0.32,7.98,-0.25,0.88,85.929,47.0,False,,,1,
69,1,India,Pakistan,28235,317252,Shikhar Dhawan,Virat Kohli,Sohail Khan,n,11.3,1.0,1.0,0.0,87.0,61.0,8.0,-0.30,10.62,-0.37,1.19,85.265,48.0,False,,,1,
70,1,India,Pakistan,253802,317252,Virat Kohli,Shikhar Dhawan,Sohail Khan,y,11.4,0.0,0.0,0.0,125.0,200.0,6.0,-0.49,6.84,-0.48,0.76,86.803,48.0,False,,,1,
71,1,India,Pakistan,253802,317252,Virat Kohli,Shikhar Dhawan,Sohail Khan,y,11.5,4.0,4.0,0.0,336.0,267.0,3.0,-0.43,12.05,-0.43,1.56,83.201,52.0,False,,,1,
72,1,India,Pakistan,253802,317252,Virat Kohli,Shikhar Dhawan,Sohail Khan,y,11.6,0.0,0.0,0.0,121.0,180.0,6.0,-0.36,7.30,-0.35,0.82,85.493,52.0,False,,,1,
73,1,India,Pakistan,28235,42639,Shikhar Dhawan,Virat Kohli,Shahid Afridi,n,12.1,1.0,1.0,0.0,123.0,317.0,5.0,-0.00,3.20,-0.03,0.49,54.470,53.0,False,,,1,
74,1,India,Pakistan,253802,42639,Virat Kohli,Shikhar Dhawan,Shahid Afridi,y,12.2,1.0,1.0,0.0,209.0,325.0,4.0,-0.20,5.48,-0.09,0.78,62.224,54.0,False,,,1,
75,1,India,Pakistan,28235,42639,Shikhar Dhawan,Virat Kohli,Shahid Afridi,n,12.3,1.0,1.0,0.0,272.0,194.0,3.0,0.24,4.30,0.29,0.73,52.568,55.0,False,,,1,
76,1,India,Pakistan,253802,42639,Virat Kohli,Shikhar Dhawan,Shahid Afridi,y,12.4,0.0,0.0,0.0,217.0,214.0,4.0,0.04,4.96,-0.03,0.76,56.663,55.0,False,,,1,
77,1,India,Pakistan,253802,42639,Virat Kohli,Shikhar Dhawan,Shahid Afridi,y,12.5,0.0,0.0,0.0,167.0,196.0,5.0,-0.18,4.65,-0.09,0.72,61.181,55.0,False,,,1,
78,1,India,Pakistan,253802,42639,Virat Kohli,Shikhar Dhawan,Shahid Afridi,y,12.6,1.0,1.0,0.0,294.0,193.0,3.0,-0.19,5.95,-0.23,0.79,60.784,56.0,False,,,1,
79,1,India,Pakistan,253802,43590,Virat Kohli,Shikhar Dhawan,Wahab Riaz,y,13.1,0.0,0.0,0.0,210.0,247.0,4.0,-0.06,6.24,-0.26,0.62,86.185,56.0,False,,,1,
80,1,India,Pakistan,253802,43590,Virat Kohli,Shikhar Dhawan,Wahab Riaz,y,13.2,1.0,1.0,0.0,325.0,188.0,3.0,0.15,9.13,-0.15,1.31,88.151,57.0,False,,,1,
81,1,India,Pakistan,28235,43590,Shikhar Dhawan,Virat Kohli,Wahab Riaz,n,13.3,2.0,2.0,0.0,341.0,159.0,2.0,0.38,9.26,0.42,1.22,87.029,59.0,False,,,1,
82,1,India,Pakistan,28235,43590,Shikhar Dhawan,Virat Kohli,Wahab Riaz,n,13.4,1.0,1.0,0.0,91.0,62.0,8.0,0.03,9.15,-0.24,1.13,89.621,60.0,False,,,1,
83,1,India,Pakistan,253802,43590,Virat Kohli,Shikhar Dhawan,Wahab Riaz,y,13.5,2.0,2.0,0.0,309.0,221.0,3.0,0.08,10.25,-0.18,1.23,84.316,62.0,False,,,1,
84,1,India,Pakistan,253802,43590,Virat Kohli,Shikhar Dhawan,Wahab Riaz,y,13.6,0.0,0.0,0.0,222.0,194.0,3.0,0.03,7.76,-0.23,0.79,85.222,62.0,False,,,1,
85,1,India,Pakistan,28235,42639,Shikhar Dhawan,Virat Kohli,Shahid Afridi,n,14.1,1.0,1.0,0.0,131.0,318.0,5.0,0.30,3.53,0.04,0.56,55.382,63.0,False,,,1,
86,1,India,Pakistan,253802,42639,Virat Kohli,Shikhar Dhawan,Shahid Afridi,y,14.2,2.0,2.0,0.0,105.0,261.0,5.0,-0.27,3.19,-0.41,0.56,55.972,65.0,False,,,1,
87,1,India,Pakistan,253802,42639,Virat Kohli,Shikhar Dhawan,Shahid Afridi,y,14.3,4.0,4.0,0.0,342.0,112.0,2.0,0.32,4.46,0.39,0.77,54.593,69.0,False,,,1,
88,1,India,Pakistan,253802,42639,Virat Kohli,Shikhar Dhawan,Shahid Afridi,y,14.4,1.0,1.0,0.0,205.0,103.0,1.0,0.15,4.34,0.23,0.68,56.519,70.0,False,,,1,
89,1,India,Pakistan,28235,42639,Shikhar Dhawan,Virat Kohli,Shahid Afridi,n,14.5,1.0,1.0,0.0,300.0,187.0,3.0,0.55,4.75,0.22,0.66,58.937,71.0,False,,,1,
90,1,India,Pakistan,253802,42639,Virat Kohli,Shikhar Dhawan,Shahid Afridi,y,14.6,0.0,0.0,0.0,236.0,207.0,3.0,0.15,4.01,0.16,0.71,55.840,71.0,False,,,1,
91,1,India,Pakistan,28235,43590,Shikhar Dhawan,Virat Kohli,Wahab Riaz,n,15.1,1.0,1.0,0.0,151.0,250.0,5.0,0.08,5.95,-0.05,0.65,89.047,72.0,False,,,1,
92,1,India,Pakistan,253802,43590,Virat Kohli,Shikhar Dhawan,Wahab Riaz,y,15.2,2.0,2.0,0.0,269.0,145.0,2.0,0.13,9.73,-0.04,1.26,87.961,74.0,False,,,1,
93,1,India,Pakistan,253802,43590,Virat Kohli,Shikhar Dhawan,Wahab Riaz,y,15.3,0.0,0.0,0.0,117.0,169.0,6.0,-0.18,8.63,-0.61,0.97,90.419,74.0,False,,,1,
94,1,India,Pakistan,253802,43590,Virat Kohli,Shikhar Dhawan,Wahab Riaz,y,15.4,1.0,1.0,0.0,35.0,183.0,6.0,-0.29,5.70,-0.56,0.64,89.889,75.0,False,,,1,
95,1,India,Pakistan,28235,43590,Shikhar Dhawan,Virat Kohli,Wahab Riaz,n,15.5,0.0,0.0,0.0,0.0,0.0,0.0,0.20,11.95,-0.25,1.69,88.831,75.0,False,,,1,
96,1,India,Pakistan,28235,43590,Shikhar Dhawan,Virat Kohli,Wahab Riaz,n,15.6,0.0,0.0,0.0,203.0,190.0,4.0,0.18,8.40,-0.01,1.01,91.510,75.0,False,,,1,
97,1,India,Pakistan,253802,42639,Virat Kohli,Shikhar Dhawan,Shahid Afridi,y,16.1,1.0,1.0,0.0,288.0,188.0,3.0,0.00,5.84,0.11,0.69,60.084,76.0,False,,,1,
98,1,India,Pakistan,28235,42639,Shikhar Dhawan,Virat Kohli,Shahid Afridi,n,16.2,1.0,1.0,0.0,317.0,156.0,2.0,0.63,5.08,0.44,0.67,57.057,77.0,False,,,0,
99,1,India,Pakistan,253802,42639,Virat Kohli,Shikhar Dhawan,Shahid Afridi,y,16.3,2.0,2.0,0.0,304.0,115.0,2.0,-0.13,7.20,0.15,0.77,63.201,79.0,False,,,0,
100,1,India,Pakistan,253802,42639,Virat Kohli,Shikhar Dhawan,Shahid Afridi,y,16.4,1.0,1.0,0.0,248.0,292.0,4.0,-0.14,5.53,-0.17,0.80,60.703,80.0,False,,,1,
101,1,India,Pakistan,28235,42639,Shikhar Dhawan,Virat Kohli,Shahid Afridi,n,16.5,1.0,1.0,0.0,93.0,158.0,7.0,0.26,5.02,-0.13,0.70,56.489,81.0,False,,,1,
102,1,India,Pakistan,253802,42639,Virat Kohli,Shikhar Dhawan,Shahid Afridi,y,16.6,1.0,1.0,0.0,89.0,267.0,5.0,-0.24,4.68,-0.23,0.70,58.332,82.0,False,,,1,
103,1,India,Pakistan,253802,43590,Virat Kohli,Shikhar Dhawan,Wahab Riaz,y,17.1,0.0,0.0,0.0,196.0,150.0,2.0,-0.04,8.54,-0.26,0.95,88.960,82.0,False,,,0,
104,1,India,Pakistan,253802,43590,Virat Kohli,Shikhar Dhawan,Wahab Riaz,y,17.2,1.0,1.0,0.0,97.0,72.0,8.0,0.02,9.66,-0.37,1.19,90.769,83.0,False,,,1,
105,1,India,Pakistan,28235,43590,Shikhar Dhawan,Virat Kohli,Wahab Riaz,n,17.3,0.0,0.0,0.0,237.0,142.0,2.0,0.41,9.70,0.40,1.10,91.914,83.0,False,,,1,
106,1,India,Pakistan,28235,43590,Shikhar Dhawan,Virat Kohli,Wahab Riaz,n,17.4,4.0,4.0,0.0,111.0,18.0,8.0,-0.11,11.15,-0.66,1.47,87.380,87.0,False,,,1,
107,1,India,Pakistan,28235,43590,Shikhar Dhawan,Virat Kohli,Wahab Riaz,n,17.5,1.0,1.0,0.0,272.0,54.0,1.0,0.37,8.96,0.30,1.20,87.621,88.0,False,,,1,
108,1,India,Pakistan,253802,43590,Virat Kohli,Shikhar Dhawan,Wahab Riaz,y,17.6,1.0,1.0,0.0,106.0,60.0,8.0,-0.06,9.93,-0.46,1.06,89.497,89.0,False,,,1,
109,1,India,Pakistan,253802,43685,Virat Kohli,Shikhar Dhawan,Yasir Shah,y,18.1,0.0,0.0,0.0,0.0,0.0,0.0,0.31,3.07,0.41,0.48,55.438,89.0,False,,,0,
110,1,India,Pakistan,253802,43685,Virat Kohli,Shikhar Dhawan,Yasir Shah,y,18.2,0.0,0.0,0.0,131.0,200.0,6.0,0.04,4.35,0.00,0.77,56.027,89.0,False,,,1,
111,1,India,Pakistan,253802,43685,Virat Kohli,Shikhar Dhawan,Yasir Shah,y,18.3,0.0,0.0,0.0,130.0,165.0,6.0,-0.01,5.02,-0.09,0.88,53.965,89.0,False,,,1,
112,1,India,Pakistan,253802,43685,Virat Kohli,Shikhar Dhawan,Yasir Shah,y,18.4,1.0,1.0,0.0,34.0,188.0,6.0,-0.29,5.82,-0.34,0.85,59.573,90.0,False,,,1,
113,1,India,Pakistan,28235,43685,Shikhar Dhawan,Virat Kohli,Yasir Shah,n,18.5,4.0,4.0,0.0,341.0,254.0,3.0,0.09,7.18,0.20,0.80,57.569,94.0,False,,,1,
114,1,India,Pakistan,28235,43685,Shikhar Dhawan,Virat Kohli,Yasir Shah,n,18.6,0.0,0.0,0.0,167.0,185.0,5.0,0.13,4.58,0.03,0.73,55.236,94.0,False,,,1,
115,1,India,Pakistan,253802,43590,Virat Kohli,Shikhar Dhawan,Wahab Riaz,y,19.1,0.0,0.0,0.0,121.0,164.0,7.0,-0.68,7.37,-0.34,0.72,90.097,94.0,False,,,1,
116,1,India,Pakistan,253802,43590,Virat Kohli,Shikhar Dhawan,Wahab Riaz,y,19.2,1.0,1.0,0.0,133.0,88.0,8.0,-0.59,8.39,-0.18,1.03,91.826,95.0,False,,,1,
117,1,India,Pakistan,28235,43590,Shikhar Dhawan,Virat Kohli,Wahab Riaz,n,19.3,1.0,1.0,0.0,210.0,175.0,3.0,0.23,9.68,0.15,1.18,90.197,96.0,False,,,1,
118,1,India,Pakistan,253802,43590,Virat Kohli,Shikhar Dhawan,Wahab Riaz,y,19.4,1.0,1.0,0.0,134.0,62.0,8.0,-0.70,10.20,-0.28,1.35,86.798,97.0,False,,,1,
119,1,India,Pakistan,28235,43590,Shikhar Dhawan,Virat Kohli,Wahab Riaz,n,19.5,1.0,1.0,0.0,321.0,203.0,3.0,0.38,6.29,0.41,0.62,70.881,98.0,False,,,1,
120,1,India,Pakistan,253802,43590,Virat Kohli,Shikhar Dhawan,Wahab Riaz,y,19.6,0.0,0.0,0.0,156.0,136.0,8.0,-0.71,9.83,-0.34,1.14,89.097,98.0,False,,,1,
121,1,India,Pakistan,28235,43685,Shikhar Dhawan,Virat Kohli,Yasir Shah,n,20.1,1.0,1.0,0.0,239.0,227.0,4.0,0.26,4.73,0.32,0.74,57.297,99.0,False,,,1,
122,1,India,Pakistan,253802,43685,Virat Kohli,Shikhar Dhawan,Yasir Shah,y,20.2,4.0,4.0,0.0,21.0,246.0,6.0,-0.23,4.84,-0.30,0.54,57.830,103.0,False,,,1,
123,1,India,Pakistan,253802,43685,Virat Kohli,Shikhar Dhawan,Yasir Shah,y,20.3,0.0,0.0,0.0,161.0,182.0,6.0,0.10,4.18,0.16,0.65,58.203,103.0,False,,,1,
124,1,India,Pakistan,253802,43685,Virat Kohli,Shikhar Dhawan,Yasir Shah,y,20.4,4.0,4.0,0.0,30.0,95.0,7.0,-0.17,5.18,-0.09,0.64,58.564,107.0,False,,,1,
125,1,India,Pakistan,253802,43685,Virat Kohli,Shikhar Dhawan,Yasir Shah,y,20.5,1.0,1.0,0.0,236.0,166.0,3.0,0.01,5.64,-0.07,0.78,56.067,108.0,False,,,1,
126,1,India,Pakistan,28235,43685,Shikhar Dhawan,Virat Kohli,Yasir Shah,n,20.6,1.0,1.0,0.0,65.0,178.0,6.0,-0.13,3.57,-0.17,0.61,57.797,109.0,False,,,1,
127,1,India,Pakistan,28235,43590,Shikhar Dhawan,Virat Kohli,Wahab Riaz,n,21.1,1.0,1.0,0.0,242.0,86.0,1.0,0.42,8.06,0.51,0.85,86.796,110.0,False,,,0,
128,1,India,Pakistan,253802,43590,Virat Kohli,Shikhar Dhawan,Wahab Riaz,y,21.2,0.0,0.0,0.0,120.0,190.0,6.0,-0.72,7.12,-0.45,0.70,91.427,110.0,False,,,1,
129,1,India,Pakistan,253802,43590,Virat Kohli,Shikhar Dhawan,Wahab Riaz,y,21.3,0.0,0.0,0.0,151.0,130.0,8.0,-0.68,8.57,-0.28,0.95,88.390,110.0,False,,,1,
130,1,India,Pakistan,253802,43590,Virat Kohli,Shikhar Dhawan,Wahab Riaz,y,21.4,1.0,1.0,0.0,36.0,176.0,6.0,-0.81,8.65,-0.57,0.99,87.769,111.0,False,,,1,
131,1,India,Pakistan,28235,43590,Shikhar Dhawan,Virat Kohli,Wahab Riaz,n,21.5,0.0,0.0,0.0,0.0,0.0,0.0,0.35,13.04,0.17,1.99,85.305,111.0,False,,,1,
132,1,India,Pakistan,28235,43590,Shikhar Dhawan,Virat Kohli,Wahab Riaz,n,21.6,4.0,4.0,0.0,345.0,131.0,2.0,0.44,9.28,0.47,1.17,91.836,115.0,False,,,1,
133,1,India,Pakistan,253802,43685,Virat Kohli,Shikhar Dhawan,Yasir Shah,y,22.1,1.0,1.0,0.0,238.0,141.0,2.0,0.25,5.54,0.36,0.83,54.965,116.0,False,,,1,
134,1,India,Pakistan,28235,43685,Shikhar Dhawan,Virat Kohli,Yasir Shah,n,22.2,1.0,1.0,0.0,101.0,278.0,5.0,-0.10,5.04,0.04,0.81,57.341,117.0,False,,,1,
135,1,India,Pakistan,253802,43685,Virat Kohli,Shikhar Dhawan,Yasir Shah,y,22.3,0.0,0.0,0.0,131.0,184.0,6.0,0.04,4.63,-0.06,0.76,60.031,117.0,False,,,1,
136,1,India,Pakistan,253802,43685,Virat Kohli,Shikhar Dhawan,Yasir Shah,y,22.4,4.0,4.0,0.0,115.0,347.0,5.0,-0.19,3.98,-0.34,0.71,56.616,121.0,False,,,1,
137,1,India,Pakistan,253802,43685,Virat Kohli,Shikhar Dhawan,Yasir Shah,y,22.5,1.0,1.0,0.0,232.0,124.0,2.0,0.15,3.77,0.16,0.57,55.702,122.0,False,,,1,
138,1,India,Pakistan,28235,43685,Shikhar Dhawan,Virat Kohli,Yasir Shah,n,22.6,0.0,0.0,0.0,0.0,0.0,0.0,-0.11,3.61,-0.17,0.55,55.151,122.0,False,,,0,
139,1,India,Pakistan,253802,429981,Virat Kohli,Shikhar Dhawan,Mohammad Irfan,y,23.1,1.0,1.0,0.0,48.0,184.0,6.0,-0.08,7.66,-0.52,0.97,86.770,123.0,False,,,1,
140,1,India,Pakistan,28235,429981,Shikhar Dhawan,Virat Kohli,Mohammad Irfan,n,23.2,1.0,1.0,0.0,116.0,188.0,6.0,0.24,8.47,-0.19,1.19,83.195,124.0,False,,,1,
141,1,India,Pakistan,253802,429981,Virat Kohli,Shikhar Dhawan,Mohammad Irfan,y,23.3,0.0,0.0,0.0,199.0,192.0,4.0,0.25,7.71,-0.12,1.04,84.930,124.0,False,,,1,
142,1,India,Pakistan,253802,429981,Virat Kohli,Shikhar Dhawan,Mohammad Irfan,y,23.4,0.0,1.0,1.0,0.0,0.0,0.0,0.26,12.14,-0.48,2.14,84.316,125.0,False,,,1,Wd
143,1,India,Pakistan,253802,429981,Virat Kohli,Shikhar Dhawan,Mohammad Irfan,y,23.4,0.0,0.0,0.0,0.0,0.0,0.0,-0.05,7.73,-0.67,0.99,78.976,125.0,False,,,0,
144,1,India,Pakistan,253802,429981,Virat Kohli,Shikhar Dhawan,Mohammad Irfan,y,23.5,1.0,1.0,0.0,82.0,97.0,7.0,0.07,8.98,-0.53,1.28,84.010,126.0,False,,,1,
145,1,India,Pakistan,28235,429981,Shikhar Dhawan,Virat Kohli,Mohammad Irfan,n,23.6,0.0,1.0,1.0,99.0,137.0,7.0,0.07,6.68,-0.35,0.77,87.605,127.0,False,,,0,Lb
146,1,India,Pakistan,28235,43685,Shikhar Dhawan,Virat Kohli,Yasir Shah,n,24.1,0.0,0.0,0.0,140.0,205.0,5.0,-0.03,5.55,-0.03,0.64,58.307,127.0,False,,,1,
147,1,India,Pakistan,28235,43685,Shikhar Dhawan,Virat Kohli,Yasir Shah,n,24.2,1.0,1.0,0.0,90.0,280.0,5.0,-0.12,4.66,-0.21,0.83,58.225,128.0,False,,,1,
148,1,India,Pakistan,253802,43685,Virat Kohli,Shikhar Dhawan,Yasir Shah,y,24.3,1.0,1.0,0.0,234.0,304.0,4.0,-0.08,4.84,-0.12,0.69,56.580,129.0,False,,,1,
149,1,India,Pakistan,28235,43685,Shikhar Dhawan,Virat Kohli,Yasir Shah,n,24.4,0.0,0.0,0.0,202.0,188.0,4.0,-0.20,4.76,-0.04,0.45,58.212,129.0,False,,,1,
150,1,India,Pakistan,28235,43685,Shikhar Dhawan,Virat Kohli,Yasir Shah,n,24.5,1.0,1.0,0.0,118.0,144.0,7.0,-0.20,5.05,-0.28,0.68,56.727,130.0,False,,,1,
151,1,India,Pakistan,253802,43685,Virat Kohli,Shikhar Dhawan,Yasir Shah,y,24.6,1.0,1.0,0.0,103.0,277.0,5.0,-0.05,5.01,-0.03,0.60,58.797,131.0,False,,,1,
152,1,India,Pakistan,253802,429981,Virat Kohli,Shikhar Dhawan,Mohammad Irfan,y,25.1,0.0,0.0,0.0,124.0,188.0,6.0,-0.11,6.25,-0.48,0.85,88.418,131.0,False,,,1,
153,1,India,Pakistan,253802,429981,Virat Kohli,Shikhar Dhawan,Mohammad Irfan,y,25.2,1.0,1.0,0.0,140.0,182.0,6.0,-0.53,7.54,-0.30,0.87,83.542,132.0,False,,,1,
154,1,India,Pakistan,28235,429981,Shikhar Dhawan,Virat Kohli,Mohammad Irfan,n,25.3,0.0,0.0,0.0,0.0,0.0,0.0,0.74,9.87,0.70,1.69,86.276,132.0,False,,,0,
155,1,India,Pakistan,28235,429981,Shikhar Dhawan,Virat Kohli,Mohammad Irfan,n,25.4,0.0,0.0,0.0,245.0,157.0,2.0,0.43,7.77,0.23,0.98,88.781,132.0,False,,,1,
156,1,India,Pakistan,28235,429981,Shikhar Dhawan,Virat Kohli,Mohammad Irfan,n,25.5,1.0,1.0,0.0,226.0,187.0,3.0,-0.27,8.17,0.24,1.15,85.397,133.0,False,,,1,
157,1,India,Pakistan,253802,429981,Virat Kohli,Shikhar Dhawan,Mohammad Irfan,y,25.6,1.0,1.0,0.0,315.0,196.0,3.0,-0.54,11.18,-0.23,1.93,88.595,134.0,False,,,1,
158,1,India,Pakistan,253802,43685,Virat Kohli,Shikhar Dhawan,Yasir Shah,y,26.1,1.0,1.0,0.0,95.0,280.0,5.0,0.08,2.14,0.04,0.37,56.884,135.0,False,,,1,
159,1,India,Pakistan,28235,43685,Shikhar Dhawan,Virat Kohli,Yasir Shah,n,26.2,0.0,0.0,0.0,162.0,193.0,5.0,-0.08,3.43,0.07,0.62,57.788,135.0,False,,,0,
160,1,India,Pakistan,28235,43685,Shikhar Dhawan,Virat Kohli,Yasir Shah,n,26.3,2.0,2.0,0.0,47.0,167.0,6.0,-0.07,5.61,-0.14,0.83,57.847,137.0,False,,,1,
161,1,India,Pakistan,28235,43685,Shikhar Dhawan,Virat Kohli,Yasir Shah,n,26.4,0.0,0.0,0.0,214.0,190.0,3.0,0.08,4.71,0.02,0.78,57.369,137.0,False,,,1,
162,1,India,Pakistan,28235,43685,Shikhar Dhawan,Virat Kohli,Yasir Shah,n,26.5,1.0,1.0,0.0,50.0,156.0,7.0,-0.32,6.37,-0.23,0.86,57.124,138.0,False,,,1,
163,1,India,Pakistan,253802,43685,Virat Kohli,Shikhar Dhawan,Yasir Shah,y,26.6,1.0,1.0,0.0,105.0,293.0,5.0,-0.12,4.79,-0.09,0.60,57.505,139.0,False,,,1,
164,1,India,Pakistan,253802,318788,Virat Kohli,Shikhar Dhawan,Haris Sohail,y,27.1,2.0,2.0,0.0,27.0,220.0,6.0,-0.48,7.76,-0.51,0.70,56.812,141.0,False,,,1,
165,1,India,Pakistan,253802,318788,Virat Kohli,Shikhar Dhawan,Haris Sohail,y,27.2,0.0,0.0,0.0,123.0,188.0,6.0,-0.32,4.76,-0.32,0.83,52.089,141.0,False,,,1,
166,1,India,Pakistan,253802,318788,Virat Kohli,Shikhar Dhawan,Haris Sohail,y,27.3,0.0,0.0,0.0,126.0,201.0,6.0,-0.39,6.05,-0.46,0.77,57.431,141.0,False,,,1,
167,1,India,Pakistan,253802,318788,Virat Kohli,Shikhar Dhawan,Haris Sohail,y,27.4,1.0,1.0,0.0,106.0,294.0,5.0,-0.01,3.74,0.11,0.58,52.798,142.0,False,,,1,
168,1,India,Pakistan,28235,318788,Shikhar Dhawan,Virat Kohli,Haris Sohail,n,27.5,1.0,1.0,0.0,94.0,300.0,5.0,0.35,6.13,-0.14,0.70,57.447,143.0,False,,,1,
169,1,India,Pakistan,253802,318788,Virat Kohli,Shikhar Dhawan,Haris Sohail,y,27.6,1.0,1.0,0.0,286.0,284.0,4.0,-0.20,5.58,-0.05,0.77,54.240,144.0,False,,,1,
170,1,India,Pakistan,253802,43685,Virat Kohli,Shikhar Dhawan,Yasir Shah,y,28.1,2.0,2.0,0.0,317.0,227.0,3.0,0.20,4.56,0.22,0.66,57.170,146.0,False,,,1,
171,1,India,Pakistan,253802,43685,Virat Kohli,Shikhar Dhawan,Yasir Shah,y,28.2,1.0,1.0,0.0,269.0,282.0,4.0,0.03,3.46,0.02,0.55,57.126,147.0,False,,,1,
172,1,India,Pakistan,28235,43685,Shikhar Dhawan,Virat Kohli,Yasir Shah,n,28.3,4.0,4.0,0.0,20.0,245.0,6.0,-0.03,4.79,0.08,0.62,54.398,151.0,False,,,1,
173,1,India,Pakistan,28235,43685,Shikhar Dhawan,Virat Kohli,Yasir Shah,n,28.4,4.0,4.0,0.0,331.0,280.0,3.0,0.26,3.68,0.28,0.63,55.656,155.0,False,,,1,
174,1,India,Pakistan,28235,43685,Shikhar Dhawan,Virat Kohli,Yasir Shah,n,28.5,1.0,1.0,0.0,67.0,178.0,6.0,-0.02,4.57,-0.09,0.82,52.315,156.0,False,,,1,
175,1,India,Pakistan,253802,43685,Virat Kohli,Shikhar Dhawan,Yasir Shah,y,28.6,0.0,0.0,0.0,182.0,193.0,4.0,-0.12,5.30,-0.19,0.64,57.574,156.0,False,,,1,
176,1,India,Pakistan,28235,318788,Shikhar Dhawan,Virat Kohli,Haris Sohail,n,29.1,1.0,1.0,0.0,243.0,170.0,3.0,0.38,4.69,0.05,0.65,53.352,157.0,False,,,1,
177,1,India,Pakistan,253802,318788,Virat Kohli,Shikhar Dhawan,Haris Sohail,y,29.2,2.0,2.0,0.0,322.0,201.0,3.0,0.20,3.75,0.35,0.60,54.156,159.0,False,,,1,
178,1,India,Pakistan,253802,318788,Virat Kohli,Shikhar Dhawan,Haris Sohail,y,29.3,4.0,4.0,0.0,17.0,124.0,7.0,-0.43,5.49,-0.48,0.62,53.795,163.0,False,,,1,
179,1,India,Pakistan,253802,318788,Virat Kohli,Shikhar Dhawan,Haris Sohail,y,29.4,0.0,0.0,0.0,216.0,190.0,3.0,0.09,5.02,0.20,0.83,52.925,163.0,False,,,1,
180,1,India,Pakistan,253802,318788,Virat Kohli,Shikhar Dhawan,Haris Sohail,y,29.5,0.0,0.0,0.0,233.0,189.0,3.0,-0.03,4.98,0.09,0.70,53.606,163.0,True,run out,28235,0,
181,1,India,Pakistan,253802,318788,Virat Kohli,Suresh Raina,Haris Sohail,y,29.6,2.0,2.0,0.0,62.0,285.0,5.0,-0.26,4.26,-0.25,0.70,54.827,165.0,False,,,1,
182,1,India,Pakistan,33335,43685,Suresh Raina,Virat Kohli,Yasir Shah,n,30.1,1.0,1.0,0.0,237.0,153.0,2.0,0.26,4.98,0.19,0.64,53.986,166.0,False,,,1,
183,1,India,Pakistan,253802,43685,Virat Kohli,Suresh Raina,Yasir Shah,y,30.2,0.0,0.0,0.0,129.0,200.0,6.0,-0.21,6.41,-0.06,0.63,58.064,166.0,False,,,1,
184,1,India,Pakistan,253802,43685,Virat Kohli,Suresh Raina,Yasir Shah,y,30.3,1.0,1.0,0.0,329.0,184.0,3.0,0.21,5.08,0.36,0.60,52.724,167.0,False,,,1,
185,1,India,Pakistan,33335,43685,Suresh Raina,Virat Kohli,Yasir Shah,n,30.4,1.0,1.0,0.0,31.0,230.0,6.0,-0.08,3.70,-0.10,0.60,54.770,168.0,False,,,1,
186,1,India,Pakistan,253802,43685,Virat Kohli,Suresh Raina,Yasir Shah,y,30.5,1.0,1.0,0.0,128.0,319.0,5.0,-0.04,4.06,-0.04,0.67,57.864,169.0,False,,,1,
187,1,India,Pakistan,33335,43685,Suresh Raina,Virat Kohli,Yasir Shah,n,30.6,1.0,1.0,0.0,47.0,204.0,6.0,-0.10,3.86,0.04,0.67,57.378,170.0,False,,,1,
188,1,India,Pakistan,33335,318788,Suresh Raina,Virat Kohli,Haris Sohail,n,31.1,1.0,1.0,0.0,151.0,318.0,5.0,0.33,6.55,-0.19,0.80,54.248,171.0,False,,,1,
189,1,India,Pakistan,253802,318788,Virat Kohli,Suresh Raina,Haris Sohail,y,31.2,1.0,1.0,0.0,223.0,327.0,4.0,-0.26,6.07,-0.18,0.63,54.040,172.0,False,,,1,
190,1,India,Pakistan,33335,318788,Suresh Raina,Virat Kohli,Haris Sohail,n,31.3,0.0,0.0,0.0,213.0,189.0,3.0,0.50,4.85,0.14,0.73,55.302,172.0,False,,,1,
191,1,India,Pakistan,33335,318788,Suresh Raina,Virat Kohli,Haris Sohail,n,31.4,1.0,1.0,0.0,253.0,191.0,3.0,0.64,4.50,0.33,0.69,54.666,173.0,False,,,1,
192,1,India,Pakistan,253802,318788,Virat Kohli,Suresh Raina,Haris Sohail,y,31.5,0.0,0.0,0.0,178.0,149.0,8.0,-0.38,4.79,-0.46,0.82,52.499,173.0,False,,,0,
193,1,India,Pakistan,253802,318788,Virat Kohli,Suresh Raina,Haris Sohail,y,31.6,0.0,0.0,0.0,238.0,202.0,3.0,0.12,4.66,0.24,0.70,54.456,173.0,False,,,1,
194,1,India,Pakistan,33335,42639,Suresh Raina,Virat Kohli,Shahid Afridi,n,32.1,2.0,2.0,0.0,337.0,140.0,2.0,0.19,6.76,0.42,0.76,56.391,175.0,False,,,1,
195,1,India,Pakistan,33335,42639,Suresh Raina,Virat Kohli,Shahid Afridi,n,32.2,1.0,1.0,0.0,108.0,195.0,6.0,0.30,5.33,-0.17,0.68,56.326,176.0,False,,,1,
196,1,India,Pakistan,253802,42639,Virat Kohli,Suresh Raina,Shahid Afridi,y,32.3,3.0,3.0,0.0,209.0,34.0,1.0,0.04,6.37,0.23,0.69,56.649,179.0,False,,,0,
197,1,India,Pakistan,33335,42639,Suresh Raina,Virat Kohli,Shahid Afridi,n,32.4,0.0,0.0,0.0,129.0,204.0,6.0,,,,,,179.0,False,,,1,
198,1,India,Pakistan,33335,42639,Suresh Raina,Virat Kohli,Shahid Afridi,n,32.5,1.0,1.0,0.0,88.0,63.0,8.0,0.14,5.11,-0.41,0.80,57.394,180.0,False,,,1,
199,1,India,Pakistan,253802,42639,Virat Kohli,Suresh Raina,Shahid Afridi,y,32.6,1.0,1.0,0.0,327.0,201.0,3.0,,,,,,181.0,False,,,1,
200,1,India,Pakistan,253802,318788,Virat Kohli,Suresh Raina,Haris Sohail,y,33.1,1.0,1.0,0.0,290.0,141.0,2.0,0.06,5.04,0.23,0.66,55.031,182.0,False,,,1,
201,1,India,Pakistan,33335,318788,Suresh Raina,Virat Kohli,Haris Sohail,n,33.2,0.0,0.0,0.0,116.0,173.0,6.0,0.29,5.35,-0.19,0.75,57.898,182.0,False,,,1,
202,1,India,Pakistan,33335,318788,Suresh Raina,Virat Kohli,Haris Sohail,n,33.3,0.0,0.0,0.0,210.0,247.0,4.0,,,,,,182.0,False,,,1,
203,1,India,Pakistan,33335,318788,Suresh Raina,Virat Kohli,Haris Sohail,n,33.4,6.0,6.0,0.0,6.0,203.0,6.0,0.44,7.26,-0.14,0.69,51.668,188.0,False,,,0,
204,1,India,Pakistan,33335,318788,Suresh Raina,Virat Kohli,Haris Sohail,n,33.5,1.0,1.0,0.0,103.0,298.0,5.0,0.35,3.34,0.00,0.61,56.011,189.0,False,,,1,
205,1,India,Pakistan,253802,318788,Virat Kohli,Suresh Raina,Haris Sohail,y,33.6,1.0,1.0,0.0,116.0,309.0,5.0,-0.10,3.72,-0.13,0.70,-2.237,190.0,False,,,1,
206,1,India,Pakistan,253802,42639,Virat Kohli,Suresh Raina,Shahid Afridi,y,34.1,0.0,0.0,0.0,120.0,180.0,6.0,-0.05,5.07,-0.03,0.70,57.435,190.0,False,,,1,
207,1,India,Pakistan,253802,42639,Virat Kohli,Suresh Raina,Shahid Afridi,y,34.2,1.0,1.0,0.0,316.0,205.0,3.0,-0.06,5.58,-0.03,0.79,58.536,191.0,False,,,1,
208,1,India,Pakistan,33335,42639,Suresh Raina,Virat Kohli,Shahid Afridi,n,34.3,0.0,0.0,0.0,136.0,203.0,6.0,,,,,,191.0,False,,,1,
209,1,India,Pakistan,33335,42639,Suresh Raina,Virat Kohli,Shahid Afridi,n,34.4,0.0,0.0,0.0,193.0,194.0,4.0,0.33,4.17,0.03,0.54,59.266,191.0,False,,,1,
210,1,India,Pakistan,33335,42639,Suresh Raina,Virat Kohli,Shahid Afridi,n,34.5,1.0,1.0,0.0,59.0,190.0,6.0,0.20,5.57,-0.21,0.68,58.369,192.0,False,,,1,
211,1,India,Pakistan,253802,42639,Virat Kohli,Suresh Raina,Shahid Afridi,y,34.6,0.0,0.0,0.0,140.0,128.0,7.0,-0.18,5.51,-0.23,0.77,60.845,192.0,False,,,1,
212,1,India,Pakistan,33335,43590,Suresh Raina,Virat Kohli,Wahab Riaz,n,35.1,1.0,1.0,0.0,292.0,87.0,2.0,0.38,9.55,0.31,1.35,87.258,193.0,False,,,1,
213,1,India,Pakistan,253802,43590,Virat Kohli,Suresh Raina,Wahab Riaz,y,35.2,0.0,0.0,0.0,128.0,189.0,6.0,-0.68,8.97,-0.20,1.00,89.422,193.0,False,,,1,
214,1,India,Pakistan,253802,43590,Virat Kohli,Suresh Raina,Wahab Riaz,y,35.3,1.0,1.0,0.0,24.0,203.0,6.0,-0.70,7.94,-0.42,0.95,87.790,194.0,False,,,1,
215,1,India,Pakistan,33335,43590,Suresh Raina,Virat Kohli,Wahab Riaz,n,35.4,0.0,0.0,0.0,236.0,193.0,3.0,0.21,6.51,0.11,0.65,92.027,194.0,False,,,0,
216,1,India,Pakistan,33335,43590,Suresh Raina,Virat Kohli,Wahab Riaz,n,35.5,1.0,1.0,0.0,327.0,190.0,3.0,0.47,7.37,0.55,0.70,88.559,195.0,False,,,1,
217,1,India,Pakistan,253802,43590,Virat Kohli,Suresh Raina,Wahab Riaz,y,35.6,1.0,1.0,0.0,24.0,189.0,6.0,-0.85,8.72,-0.62,0.93,89.795,196.0,False,,,1,
218,1,India,Pakistan,253802,429981,Virat Kohli,Suresh Raina,Mohammad Irfan,y,36.1,1.0,1.0,0.0,152.0,256.0,5.0,-0.47,3.23,-0.39,0.43,81.767,197.0,False,,,1,
219,1,India,Pakistan,33335,429981,Suresh Raina,Virat Kohli,Mohammad Irfan,n,36.2,2.0,2.0,0.0,326.0,248.0,3.0,0.28,5.56,0.82,0.78,79.258,199.0,False,,,1,
220,1,India,Pakistan,33335,429981,Suresh Raina,Virat Kohli,Mohammad Irfan,n,36.3,0.0,0.0,0.0,241.0,149.0,2.0,0.02,7.66,0.66,1.00,84.736,199.0,False,,,1,
221,1,India,Pakistan,33335,429981,Suresh Raina,Virat Kohli,Mohammad Irfan,n,36.4,0.0,0.0,0.0,251.0,159.0,2.0,0.12,7.64,0.74,0.97,86.075,199.0,False,,,1,
222,1,India,Pakistan,33335,429981,Suresh Raina,Virat Kohli,Mohammad Irfan,n,36.5,0.0,0.0,0.0,141.0,241.0,5.0,-0.20,8.66,0.42,1.09,83.562,199.0,False,,,1,
223,1,India,Pakistan,33335,429981,Suresh Raina,Virat Kohli,Mohammad Irfan,n,36.6,1.0,1.0,0.0,45.0,193.0,6.0,-0.33,9.90,0.49,1.61,84.857,200.0,False,,,1,
224,1,India,Pakistan,33335,43590,Suresh Raina,Virat Kohli,Wahab Riaz,n,37.1,4.0,4.0,0.0,42.0,283.0,6.0,0.34,9.85,0.31,1.23,83.698,204.0,False,,,1,
225,1,India,Pakistan,33335,43590,Suresh Raina,Virat Kohli,Wahab Riaz,n,37.2,1.0,1.0,0.0,28.0,151.0,7.0,0.34,10.61,0.32,1.41,87.338,205.0,False,,,1,
226,1,India,Pakistan,253802,43590,Virat Kohli,Suresh Raina,Wahab Riaz,y,37.3,0.0,0.0,0.0,0.0,0.0,0.0,-0.38,7.83,0.10,0.87,88.972,205.0,False,,,0,
227,1,India,Pakistan,253802,43590,Virat Kohli,Suresh Raina,Wahab Riaz,y,37.4,0.0,0.0,0.0,0.0,0.0,0.0,-0.54,8.63,-0.09,0.89,90.155,205.0,False,,,0,
228,1,India,Pakistan,253802,43590,Virat Kohli,Suresh Raina,Wahab Riaz,y,37.5,0.0,0.0,0.0,115.0,159.0,7.0,-0.66,8.80,-0.29,0.94,88.497,205.0,False,,,1,
229,1,India,Pakistan,253802,43590,Virat Kohli,Suresh Raina,Wahab Riaz,y,37.6,1.0,1.0,0.0,123.0,244.0,5.0,-0.58,6.23,-0.33,0.54,86.171,206.0,False,,,1,
230,1,India,Pakistan,253802,429981,Virat Kohli,Suresh Raina,Mohammad Irfan,y,38.1,4.0,4.0,0.0,335.0,96.0,2.0,0.25,3.98,0.51,0.61,78.860,210.0,False,,,1,
231,1,India,Pakistan,253802,429981,Virat Kohli,Suresh Raina,Mohammad Irfan,y,38.2,0.0,0.0,0.0,123.0,173.0,6.0,-0.56,7.58,-0.25,0.95,84.971,210.0,False,,,1,
232,1,India,Pakistan,253802,429981,Virat Kohli,Suresh Raina,Mohammad Irfan,y,38.3,0.0,0.0,0.0,111.0,161.0,7.0,-0.73,8.88,-0.62,1.18,85.122,210.0,False,,,1,
233,1,India,Pakistan,253802,429981,Virat Kohli,Suresh Raina,Mohammad Irfan,y,38.4,1.0,1.0,0.0,136.0,250.0,5.0,-0.43,5.11,-0.21,0.65,87.229,211.0,False,,,1,
234,1,India,Pakistan,33335,429981,Suresh Raina,Virat Kohli,Mohammad Irfan,n,38.5,0.0,0.0,0.0,155.0,101.0,8.0,-0.45,10.30,-0.24,1.40,75.710,211.0,False,,,1,
235,1,India,Pakistan,33335,429981,Suresh Raina,Virat Kohli,Mohammad Irfan,n,38.6,0.0,1.0,1.0,0.0,0.0,0.0,-0.55,12.03,-0.09,2.15,84.725,212.0,False,,,1,Wd
236,1,India,Pakistan,33335,429981,Suresh Raina,Virat Kohli,Mohammad Irfan,n,38.6,1.0,1.0,0.0,342.0,170.0,3.0,0.32,6.87,1.11,0.85,86.204,213.0,False,,,1,
237,1,India,Pakistan,33335,43590,Suresh Raina,Virat Kohli,Wahab Riaz,n,39.1,1.0,1.0,0.0,308.0,121.0,2.0,0.31,9.18,0.35,1.20,88.332,214.0,False,,,1,
238,1,India,Pakistan,253802,43590,Virat Kohli,Suresh Raina,Wahab Riaz,y,39.2,0.0,0.0,0.0,135.0,170.0,6.0,-0.52,7.37,-0.19,0.78,90.808,214.0,False,,,1,
239,1,India,Pakistan,253802,43590,Virat Kohli,Suresh Raina,Wahab Riaz,y,39.3,1.0,1.0,0.0,246.0,156.0,2.0,-0.55,8.60,-0.11,0.81,88.912,215.0,False,,,0,
240,1,India,Pakistan,33335,43590,Suresh Raina,Virat Kohli,Wahab Riaz,n,39.4,1.0,1.0,0.0,70.0,72.0,7.0,0.28,11.24,0.10,1.69,83.969,216.0,False,,,1,
241,1,India,Pakistan,253802,43590,Virat Kohli,Suresh Raina,Wahab Riaz,y,39.5,0.0,0.0,0.0,122.0,189.0,6.0,-0.49,8.81,0.03,1.00,93.872,216.0,False,,,1,
242,1,India,Pakistan,253802,43590,Virat Kohli,Suresh Raina,Wahab Riaz,y,39.6,1.0,1.0,0.0,157.0,247.0,5.0,-0.57,6.33,-0.37,0.53,88.997,217.0,False,,,1,
243,1,India,Pakistan,253802,42639,Virat Kohli,Suresh Raina,Shahid Afridi,y,40.1,1.0,1.0,0.0,333.0,178.0,3.0,-0.04,7.08,0.14,0.72,57.670,218.0,False,,,0,
244,1,India,Pakistan,33335,42639,Suresh Raina,Virat Kohli,Shahid Afridi,n,40.2,2.0,2.0,0.0,33.0,236.0,6.0,0.31,5.22,-0.10,0.71,59.405,220.0,False,,,1,
245,1,India,Pakistan,33335,42639,Suresh Raina,Virat Kohli,Shahid Afridi,n,40.3,1.0,1.0,0.0,93.0,105.0,7.0,0.29,5.57,-0.11,0.78,62.365,221.0,False,,,1,
246,1,India,Pakistan,253802,42639,Virat Kohli,Suresh Raina,Shahid Afridi,y,40.4,1.0,1.0,0.0,247.0,304.0,4.0,-0.01,5.92,-0.07,0.66,54.451,222.0,False,,,1,
247,1,India,Pakistan,33335,42639,Suresh Raina,Virat Kohli,Shahid Afridi,n,40.5,1.0,1.0,0.0,42.0,168.0,6.0,0.27,4.92,-0.17,0.60,63.600,223.0,False,,,1,
248,1,India,Pakistan,253802,42639,Virat Kohli,Suresh Raina,Shahid Afridi,y,40.6,1.0,1.0,0.0,98.0,286.0,5.0,0.01,3.65,-0.00,0.54,56.453,224.0,False,,,1,
249,1,India,Pakistan,253802,43685,Virat Kohli,Suresh Raina,Yasir Shah,y,41.1,1.0,1.0,0.0,308.0,182.0,3.0,0.26,5.15,0.32,0.69,57.341,225.0,False,,,1,
250,1,India,Pakistan,33335,43685,Suresh Raina,Virat Kohli,Yasir Shah,n,41.2,2.0,2.0,0.0,78.0,244.0,6.0,-0.17,3.60,-0.27,0.54,57.324,227.0,False,,,1,
251,1,India,Pakistan,33335,43685,Suresh Raina,Virat Kohli,Yasir Shah,n,41.3,6.0,6.0,0.0,7.0,274.0,6.0,-0.17,4.68,-0.20,0.65,51.611,233.0,False,,,1,
252,1,India,Pakistan,33335,43685,Suresh Raina,Virat Kohli,Yasir Shah,n,41.4,1.0,1.0,0.0,100.0,142.0,7.0,0.02,4.89,-0.04,0.79,56.598,234.0,False,,,1,
253,1,India,Pakistan,253802,43685,Virat Kohli,Suresh Raina,Yasir Shah,y,41.5,1.0,1.0,0.0,79.0,259.0,6.0,-0.02,3.36,-0.03,0.58,56.983,235.0,False,,,1,
254,1,India,Pakistan,33335,43685,Suresh Raina,Virat Kohli,Yasir Shah,n,41.6,0.0,0.0,0.0,117.0,197.0,6.0,0.02,5.49,0.12,0.66,58.612,235.0,False,,,1,
255,1,India,Pakistan,253802,42639,Virat Kohli,Suresh Raina,Shahid Afridi,y,42.1,1.0,1.0,0.0,253.0,292.0,4.0,0.04,5.87,0.05,0.74,58.451,236.0,False,,,1,
256,1,India,Pakistan,33335,42639,Suresh Raina,Virat Kohli,Shahid Afridi,n,42.2,6.0,6.0,0.0,2.0,182.0,6.0,0.28,5.93,-0.21,0.75,66.079,242.0,False,,,1,
257,1,India,Pakistan,33335,42639,Suresh Raina,Virat Kohli,Shahid Afridi,n,42.3,1.0,1.0,0.0,87.0,261.0,5.0,0.29,4.07,0.35,0.69,59.698,243.0,False,,,1,
258,1,India,Pakistan,253802,42639,Virat Kohli,Suresh Raina,Shahid Afridi,y,42.4,0.0,0.0,0.0,114.0,144.0,7.0,-0.24,6.90,-0.26,0.87,62.937,243.0,False,,,1,
259,1,India,Pakistan,253802,42639,Virat Kohli,Suresh Raina,Shahid Afridi,y,42.5,1.0,1.0,0.0,70.0,268.0,6.0,-0.04,3.22,-0.11,0.55,52.948,244.0,False,,,1,
260,1,India,Pakistan,33335,42639,Suresh Raina,Virat Kohli,Shahid Afridi,n,42.6,1.0,1.0,0.0,230.0,124.0,2.0,-0.19,7.34,0.34,0.82,64.598,245.0,False,,,1,
261,1,India,Pakistan,33335,317252,Suresh Raina,Virat Kohli,Sohail Khan,n,43.1,0.0,0.0,0.0,0.0,0.0,0.0,-0.63,7.59,-0.86,0.84,86.698,245.0,False,,,0,
262,1,India,Pakistan,33335,317252,Suresh Raina,Virat Kohli,Sohail Khan,n,43.2,0.0,0.0,0.0,0.0,0.0,0.0,-0.26,7.58,-0.16,0.72,87.252,245.0,False,,,0,
263,1,India,Pakistan,33335,317252,Suresh Raina,Virat Kohli,Sohail Khan,n,43.3,4.0,4.0,0.0,108.0,21.0,8.0,-0.43,5.13,-0.40,0.50,84.674,249.0,False,,,1,
264,1,India,Pakistan,33335,317252,Suresh Raina,Virat Kohli,Sohail Khan,n,43.4,4.0,4.0,0.0,219.0,357.0,4.0,-0.44,8.62,-0.42,0.89,86.770,253.0,False,,,1,
265,1,India,Pakistan,33335,317252,Suresh Raina,Virat Kohli,Sohail Khan,n,43.5,4.0,4.0,0.0,50.0,68.0,7.0,-0.29,6.36,-0.27,0.82,62.135,257.0,False,,,1,
266,1,India,Pakistan,33335,317252,Suresh Raina,Virat Kohli,Sohail Khan,n,43.6,2.0,2.0,0.0,42.0,208.0,6.0,-0.03,4.63,0.07,0.48,88.119,259.0,False,,,1,
267,1,India,Pakistan,253802,429981,Virat Kohli,Suresh Raina,Mohammad Irfan,y,44.1,4.0,4.0,0.0,338.0,265.0,3.0,-0.26,7.73,0.10,1.01,88.497,263.0,False,,,1,
268,1,India,Pakistan,253802,429981,Virat Kohli,Suresh Raina,Mohammad Irfan,y,44.2,1.0,1.0,0.0,93.0,56.0,8.0,0.02,-5.98,-0.31,0.98,79.398,264.0,False,,,1,
269,1,India,Pakistan,33335,429981,Suresh Raina,Virat Kohli,Mohammad Irfan,n,44.3,4.0,4.0,0.0,21.0,114.0,7.0,-0.19,9.51,0.48,1.34,83.395,268.0,False,,,1,
270,1,India,Pakistan,33335,429981,Suresh Raina,Virat Kohli,Mohammad Irfan,n,44.4,1.0,1.0,0.0,39.0,243.0,6.0,0.72,-1.69,0.55,0.35,88.036,269.0,False,,,1,
271,1,India,Pakistan,253802,429981,Virat Kohli,Suresh Raina,Mohammad Irfan,y,44.5,1.0,1.0,0.0,320.0,234.0,3.0,-0.45,8.88,-0.24,1.13,76.438,270.0,False,,,1,
272,1,India,Pakistan,33335,429981,Suresh Raina,Virat Kohli,Mohammad Irfan,n,44.6,0.0,1.0,1.0,0.0,0.0,0.0,,,,,,271.0,False,,,1,Nb
273,1,India,Pakistan,33335,429981,Suresh Raina,Virat Kohli,Mohammad Irfan,n,44.6,2.0,2.0,0.0,61.0,101.0,7.0,0.42,-1.07,0.33,0.24,84.598,273.0,False,,,1,
274,1,India,Pakistan,253802,317252,Virat Kohli,Suresh Raina,Sohail Khan,y,45.1,0.0,0.0,0.0,0.0,0.0,0.0,-0.62,1.24,-0.63,0.17,84.398,273.0,False,,,0,
275,1,India,Pakistan,253802,317252,Virat Kohli,Suresh Raina,Sohail Khan,y,45.2,0.0,0.0,0.0,176.0,138.0,8.0,-0.66,4.76,-0.77,0.55,88.309,273.0,True,caught,253802,0,
276,1,India,Pakistan,28081,317252,MS Dhoni,Suresh Raina,Sohail Khan,y,45.3,0.0,0.0,0.0,245.0,190.0,3.0,0.17,-4.91,-0.01,0.71,85.840,273.0,False,,,1,
277,1,India,Pakistan,28081,317252,MS Dhoni,Suresh Raina,Sohail Khan,y,45.4,4.0,4.0,0.0,40.0,285.0,6.0,-0.32,4.84,-0.30,0.53,89.582,277.0,False,,,1,
278,1,India,Pakistan,28081,317252,MS Dhoni,Suresh Raina,Sohail Khan,y,45.5,0.0,0.0,0.0,243.0,194.0,3.0,-0.07,7.50,0.16,0.70,81.894,277.0,False,,,1,
279,1,India,Pakistan,28081,317252,MS Dhoni,Suresh Raina,Sohail Khan,y,45.6,2.0,2.0,0.0,312.0,110.0,2.0,-0.19,9.79,-0.10,1.15,85.898,279.0,False,,,1,
280,1,India,Pakistan,33335,43590,Suresh Raina,MS Dhoni,Wahab Riaz,n,46.1,0.0,0.0,0.0,114.0,166.0,6.0,0.17,-2.11,0.17,0.37,83.399,279.0,False,,,1,
281,1,India,Pakistan,33335,43590,Suresh Raina,MS Dhoni,Wahab Riaz,n,46.2,1.0,1.0,0.0,38.0,216.0,6.0,0.32,6.71,0.23,0.67,87.842,280.0,False,,,1,
282,1,India,Pakistan,28081,43590,MS Dhoni,Suresh Raina,Wahab Riaz,y,46.3,0.0,0.0,0.0,140.0,248.0,5.0,-0.52,6.59,-0.24,0.69,90.405,280.0,False,,,1,
283,1,India,Pakistan,28081,43590,MS Dhoni,Suresh Raina,Wahab Riaz,y,46.4,1.0,1.0,0.0,129.0,230.0,5.0,-0.69,8.08,-0.36,0.81,91.385,281.0,False,,,0,
284,1,India,Pakistan,33335,43590,Suresh Raina,MS Dhoni,Wahab Riaz,n,46.5,1.0,1.0,0.0,116.0,62.0,8.0,0.23,12.63,-0.10,1.68,74.831,282.0,False,,,0,
285,1,India,Pakistan,28081,43590,MS Dhoni,Suresh Raina,Wahab Riaz,y,46.6,1.0,1.0,0.0,37.0,190.0,6.0,-0.93,11.13,-0.67,1.21,76.743,283.0,False,,,1,
286,1,India,Pakistan,28081,317252,MS Dhoni,Suresh Raina,Sohail Khan,y,47.1,1.0,1.0,0.0,30.0,184.0,6.0,-0.34,9.58,-0.35,0.99,85.298,284.0,False,,,1,
287,1,India,Pakistan,33335,317252,Suresh Raina,MS Dhoni,Sohail Khan,n,47.2,0.0,0.0,0.0,0.0,0.0,0.0,-0.38,7.70,-0.27,0.77,88.358,284.0,False,,,0,
288,1,India,Pakistan,33335,317252,Suresh Raina,MS Dhoni,Sohail Khan,n,47.3,0.0,0.0,0.0,61.0,211.0,6.0,-0.19,9.08,0.25,1.15,88.707,284.0,True,caught,33335,0,
289,1,India,Pakistan,28081,317252,MS Dhoni,Ravindra Jadeja,Sohail Khan,y,47.4,1.0,1.0,0.0,103.0,271.0,5.0,-0.12,1.22,-0.10,0.15,86.998,285.0,False,,,0,
290,1,India,Pakistan,234675,317252,Ravindra Jadeja,MS Dhoni,Sohail Khan,n,47.5,1.0,1.0,0.0,120.0,200.0,6.0,-0.22,9.03,-0.07,1.09,86.597,286.0,False,,,1,
291,1,India,Pakistan,28081,317252,MS Dhoni,Ravindra Jadeja,Sohail Khan,y,47.6,6.0,6.0,0.0,359.0,223.0,3.0,0.06,-2.10,-0.02,0.36,-2.237,292.0,False,,,1,
292,1,India,Pakistan,234675,43590,Ravindra Jadeja,MS Dhoni,Wahab Riaz,n,48.1,1.0,1.0,0.0,225.0,203.0,3.0,0.31,7.14,0.30,0.79,83.198,293.0,False,,,0,
293,1,India,Pakistan,28081,43590,MS Dhoni,Ravindra Jadeja,Wahab Riaz,y,48.2,1.0,1.0,0.0,117.0,148.0,7.0,-0.47,9.66,0.12,1.25,96.037,294.0,False,,,1,
294,1,India,Pakistan,234675,43590,Ravindra Jadeja,MS Dhoni,Wahab Riaz,n,48.3,1.0,1.0,0.0,247.0,143.0,2.0,0.60,7.31,0.79,0.73,73.532,295.0,False,,,1,
295,1,India,Pakistan,28081,43590,MS Dhoni,Ravindra Jadeja,Wahab Riaz,y,48.4,1.0,1.0,0.0,51.0,179.0,6.0,-0.52,9.18,-0.06,1.03,90.935,296.0,False,,,1,
296,1,India,Pakistan,234675,43590,Ravindra Jadeja,MS Dhoni,Wahab Riaz,n,48.5,0.0,0.0,0.0,0.0,0.0,0.0,0.35,5.67,0.31,0.62,90.341,296.0,False,,,0,
297,1,India,Pakistan,234675,43590,Ravindra Jadeja,MS Dhoni,Wahab Riaz,n,48.6,0.0,0.0,0.0,0.0,0.0,0.0,0.15,4.22,0.14,0.55,76.798,296.0,True,bowled,234675,0,
298,1,India,Pakistan,28081,317252,MS Dhoni,Ajinkya Rahane,Sohail Khan,y,49.1,0.0,0.0,0.0,171.0,233.0,5.0,-0.27,9.42,-0.21,1.14,85.744,296.0,True,caught,28081,0,
299,1,India,Pakistan,277916,317252,Ajinkya Rahane,Ravichandran Ashwin,Sohail Khan,y,49.2,0.0,0.0,0.0,0.0,0.0,0.0,-0.12,7.50,0.07,0.76,68.289,296.0,True,bowled,277916,0,
300,1,India,Pakistan,481896,317252,Mohammed Shami,Ravichandran Ashwin,Sohail Khan,y,49.3,0.0,0.0,0.0,0.0,0.0,0.0,,,,,,296.0,False,,,0,
301,1,India,Pakistan,481896,317252,Mohammed Shami,Ravichandran Ashwin,Sohail Khan,y,49.4,1.0,1.0,0.0,92.0,60.0,8.0,-0.07,-1.84,-0.10,0.30,84.898,297.0,False,,,0,
302,1,India,Pakistan,26421,317252,Ravichandran Ashwin,Mohammed Shami,Sohail Khan,y,49.5,1.0,1.0,0.0,267.0,155.0,2.0,-0.28,9.55,-0.04,1.12,71.998,298.0,False,,,0,
303,1,India,Pakistan,481896,317252,Mohammed Shami,Ravichandran Ashwin,Sohail Khan,y,49.6,2.0,2.0,0.0,35.0,105.0,7.0,-0.28,4.29,-0.24,0.49,85.698,300.0,False,,,1,
304,2,Pakistan,India,259410,376116,Ahmed Shehzad,Younis Khan,Umesh Yadav,y,0.1,0.0,1.0,1.0,0.0,0.0,0.0,-0.09,11.79,0.73,1.58,83.398,1.0,False,,,1,Wd
305,2,Pakistan,India,259410,376116,Ahmed Shehzad,Younis Khan,Umesh Yadav,y,0.1,0.0,0.0,0.0,120.0,154.0,7.0,-0.41,11.00,-0.33,1.19,83.998,1.0,False,,,1,
306,2,Pakistan,India,259410,376116,Ahmed Shehzad,Younis Khan,Umesh Yadav,y,0.2,0.0,0.0,0.0,0.0,0.0,0.0,-0.30,7.25,-0.40,0.70,84.198,1.0,False,,,1,
307,2,Pakistan,India,259410,376116,Ahmed Shehzad,Younis Khan,Umesh Yadav,y,0.3,0.0,0.0,0.0,175.0,194.0,5.0,-0.20,8.24,-0.07,1.11,89.871,1.0,False,,,1,
308,2,Pakistan,India,259410,376116,Ahmed Shehzad,Younis Khan,Umesh Yadav,y,0.4,1.0,1.0,0.0,297.0,95.0,2.0,-0.15,9.90,0.27,1.29,87.164,2.0,False,,,1,
309,2,Pakistan,India,43652,376116,Younis Khan,Ahmed Shehzad,Umesh Yadav,y,0.5,0.0,0.0,0.0,0.0,0.0,0.0,-0.36,8.03,-0.38,0.82,89.697,2.0,False,,,0,
310,2,Pakistan,India,43652,376116,Younis Khan,Ahmed Shehzad,Umesh Yadav,y,0.6,0.0,0.0,0.0,227.0,204.0,3.0,-0.19,9.53,0.09,1.16,90.734,2.0,False,,,1,
311,2,Pakistan,India,259410,481896,Ahmed Shehzad,Younis Khan,Mohammed Shami,y,1.1,0.0,0.0,0.0,0.0,0.0,0.0,-0.27,9.47,0.15,1.31,86.973,2.0,False,,,0,
312,2,Pakistan,India,259410,481896,Ahmed Shehzad,Younis Khan,Mohammed Shami,y,1.2,1.0,1.0,0.0,117.0,39.0,8.0,-0.37,6.63,-0.42,0.69,85.798,3.0,False,,,1,
313,2,Pakistan,India,43652,481896,Younis Khan,Ahmed Shehzad,Mohammed Shami,y,1.3,0.0,0.0,0.0,233.0,161.0,2.0,-0.43,8.26,-0.38,1.00,86.098,3.0,False,,,1,
314,2,Pakistan,India,43652,481896,Younis Khan,Ahmed Shehzad,Mohammed Shami,y,1.4,0.0,0.0,0.0,0.0,0.0,0.0,-0.51,8.30,-0.70,0.90,90.440,3.0,False,,,1,
315,2,Pakistan,India,43652,481896,Younis Khan,Ahmed Shehzad,Mohammed Shami,y,1.5,0.0,0.0,0.0,0.0,0.0,0.0,-0.52,7.67,-0.47,0.80,90.234,3.0,False,,,1,
316,2,Pakistan,India,43652,481896,Younis Khan,Ahmed Shehzad,Mohammed Shami,y,1.6,1.0,1.0,0.0,120.0,50.0,8.0,-0.51,9.04,-0.81,1.01,88.214,4.0,False,,,1,
317,2,Pakistan,India,43652,376116,Younis Khan,Ahmed Shehzad,Umesh Yadav,y,2.1,4.0,4.0,0.0,353.0,193.0,3.0,-0.10,5.31,0.07,0.63,87.818,8.0,False,,,1,
318,2,Pakistan,India,43652,376116,Younis Khan,Ahmed Shehzad,Umesh Yadav,y,2.2,1.0,1.0,0.0,132.0,49.0,8.0,-0.28,8.00,-0.15,0.88,90.070,9.0,False,,,0,
319,2,Pakistan,India,259410,376116,Ahmed Shehzad,Younis Khan,Umesh Yadav,y,2.3,0.0,0.0,0.0,109.0,159.0,7.0,-0.63,8.73,-0.78,0.95,91.767,9.0,False,,,1,
320,2,Pakistan,India,259410,376116,Ahmed Shehzad,Younis Khan,Umesh Yadav,y,2.4,0.0,0.0,0.0,116.0,160.0,7.0,-0.38,9.06,-0.37,0.98,89.059,9.0,False,,,1,
321,2,Pakistan,India,259410,376116,Ahmed Shehzad,Younis Khan,Umesh Yadav,y,2.5,2.0,2.0,0.0,290.0,255.0,3.0,-0.04,6.18,0.25,0.65,90.325,11.0,False,,,1,
322,2,Pakistan,India,259410,376116,Ahmed Shehzad,Younis Khan,Umesh Yadav,y,2.6,0.0,0.0,0.0,239.0,189.0,3.0,-0.32,9.05,0.08,1.13,88.924,11.0,False,,,1,
323,2,Pakistan,India,43652,481896,Younis Khan,Ahmed Shehzad,Mohammed Shami,y,3.1,0.0,0.0,0.0,184.0,194.0,4.0,-0.27,7.47,-0.12,0.69,88.395,11.0,False,,,1,
324,2,Pakistan,India,43652,481896,Younis Khan,Ahmed Shehzad,Mohammed Shami,y,3.2,0.0,0.0,0.0,213.0,113.0,1.0,-0.43,11.96,0.06,1.49,87.897,11.0,True,caught,43652,0,
325,2,Pakistan,India,318788,481896,Haris Sohail,Ahmed Shehzad,Mohammed Shami,n,3.3,2.0,2.0,0.0,122.0,254.0,5.0,,,,,,13.0,False,,,1,
326,2,Pakistan,India,318788,481896,Haris Sohail,Ahmed Shehzad,Mohammed Shami,n,3.4,0.0,0.0,0.0,228.0,195.0,3.0,0.53,6.64,0.16,0.63,87.897,13.0,False,,,1,
327,2,Pakistan,India,318788,481896,Haris Sohail,Ahmed Shehzad,Mohammed Shami,n,3.5,0.0,1.0,1.0,0.0,0.0,0.0,-0.00,11.75,1.11,1.49,88.417,14.0,False,,,1,Wd
328,2,Pakistan,India,318788,481896,Haris Sohail,Ahmed Shehzad,Mohammed Shami,n,3.5,0.0,0.0,0.0,247.0,200.0,3.0,-0.01,8.08,0.39,0.88,89.794,14.0,False,,,1,
329,2,Pakistan,India,318788,481896,Haris Sohail,Ahmed Shehzad,Mohammed Shami,n,3.6,0.0,0.0,0.0,146.0,196.0,6.0,-0.04,6.64,0.13,0.72,88.355,14.0,False,,,1,
330,2,Pakistan,India,259410,376116,Ahmed Shehzad,Haris Sohail,Umesh Yadav,y,4.1,1.0,1.0,0.0,239.0,209.0,3.0,-0.27,8.31,0.04,0.91,89.133,15.0,False,,,1,
331,2,Pakistan,India,318788,376116,Haris Sohail,Ahmed Shehzad,Umesh Yadav,n,4.2,4.0,4.0,0.0,300.0,49.0,2.0,0.21,8.63,0.84,0.98,88.849,19.0,False,,,1,
332,2,Pakistan,India,318788,376116,Haris Sohail,Ahmed Shehzad,Umesh Yadav,n,4.3,0.0,0.0,0.0,226.0,217.0,4.0,-0.01,6.54,0.29,0.70,91.862,19.0,False,,,1,
333,2,Pakistan,India,318788,376116,Haris Sohail,Ahmed Shehzad,Umesh Yadav,n,4.4,0.0,0.0,0.0,224.0,205.0,3.0,-0.10,6.28,0.15,0.69,90.892,19.0,False,,,1,
334,2,Pakistan,India,318788,376116,Haris Sohail,Ahmed Shehzad,Umesh Yadav,n,4.5,0.0,1.0,1.0,0.0,0.0,0.0,-0.45,12.66,-0.21,2.19,89.101,20.0,False,,,1,Wd
335,2,Pakistan,India,318788,376116,Haris Sohail,Ahmed Shehzad,Umesh Yadav,n,4.5,4.0,4.0,0.0,35.0,274.0,6.0,-0.12,4.12,0.03,0.50,90.415,24.0,False,,,1,
336,2,Pakistan,India,318788,376116,Haris Sohail,Ahmed Shehzad,Umesh Yadav,n,4.6,4.0,4.0,0.0,342.0,250.0,3.0,0.24,6.27,0.65,0.73,90.307,28.0,False,,,1,
337,2,Pakistan,India,259410,481896,Ahmed Shehzad,Haris Sohail,Mohammed Shami,y,5.1,1.0,1.0,0.0,240.0,208.0,3.0,-0.36,10.46,0.13,1.24,85.019,29.0,False,,,1,
338,2,Pakistan,India,318788,481896,Haris Sohail,Ahmed Shehzad,Mohammed Shami,n,5.2,2.0,2.0,0.0,322.0,179.0,3.0,-0.03,9.20,0.60,1.11,88.197,31.0,False,,,1,
339,2,Pakistan,India,318788,481896,Haris Sohail,Ahmed Shehzad,Mohammed Shami,n,5.3,0.0,1.0,1.0,0.0,0.0,0.0,0.49,12.85,-0.45,1.95,85.016,32.0,False,,,1,Wd
340,2,Pakistan,India,318788,481896,Haris Sohail,Ahmed Shehzad,Mohammed Shami,n,5.3,0.0,0.0,0.0,0.0,0.0,0.0,0.70,6.52,0.63,0.65,82.898,32.0,False,,,1,
341,2,Pakistan,India,318788,481896,Haris Sohail,Ahmed Shehzad,Mohammed Shami,n,5.4,0.0,0.0,0.0,235.0,139.0,2.0,0.64,7.02,0.35,0.72,83.898,32.0,False,,,1,
342,2,Pakistan,India,318788,481896,Haris Sohail,Ahmed Shehzad,Mohammed Shami,n,5.5,0.0,0.0,0.0,0.0,0.0,0.0,0.51,6.98,0.37,0.76,84.546,32.0,False,,,0,
343,2,Pakistan,India,318788,481896,Haris Sohail,Ahmed Shehzad,Mohammed Shami,n,5.6,0.0,1.0,1.0,0.0,0.0,0.0,0.64,12.88,-0.30,2.15,85.525,33.0,False,,,1,Wd
344,2,Pakistan,India,318788,481896,Haris Sohail,Ahmed Shehzad,Mohammed Shami,n,5.6,1.0,1.0,0.0,249.0,54.0,1.0,0.64,8.06,0.33,0.96,85.702,34.0,False,,,1,
345,2,Pakistan,India,318788,537119,Haris Sohail,Ahmed Shehzad,Mohit Sharma,n,6.1,0.0,0.0,0.0,235.0,215.0,3.0,0.71,8.83,0.29,0.97,84.431,34.0,False,,,1,
346,2,Pakistan,India,318788,537119,Haris Sohail,Ahmed Shehzad,Mohit Sharma,n,6.2,0.0,1.0,1.0,257.0,181.0,3.0,0.82,8.66,0.57,0.93,85.449,35.0,False,,,1,Nb
347,2,Pakistan,India,318788,537119,Haris Sohail,Ahmed Shehzad,Mohit Sharma,n,6.2,2.0,2.0,0.0,225.0,306.0,4.0,0.85,11.57,0.41,1.57,84.175,37.0,False,,,1,
348,2,Pakistan,India,318788,537119,Haris Sohail,Ahmed Shehzad,Mohit Sharma,n,6.3,0.0,0.0,0.0,141.0,187.0,6.0,0.62,7.21,0.27,0.62,86.680,37.0,False,,,1,
349,2,Pakistan,India,318788,537119,Haris Sohail,Ahmed Shehzad,Mohit Sharma,n,6.4,0.0,0.0,0.0,236.0,205.0,3.0,0.67,6.15,0.43,0.57,86.167,37.0,False,,,1,
350,2,Pakistan,India,318788,537119,Haris Sohail,Ahmed Shehzad,Mohit Sharma,n,6.5,0.0,0.0,0.0,119.0,179.0,6.0,0.57,8.12,0.25,0.89,84.533,37.0,False,,,1,
351,2,Pakistan,India,318788,537119,Haris Sohail,Ahmed Shehzad,Mohit Sharma,n,6.6,2.0,2.0,0.0,289.0,261.0,3.0,0.75,5.26,0.59,0.62,82.808,39.0,False,,,1,
352,2,Pakistan,India,259410,481896,Ahmed Shehzad,Haris Sohail,Mohammed Shami,y,7.1,0.0,0.0,0.0,155.0,192.0,5.0,-0.19,7.50,0.02,0.67,87.775,39.0,False,,,1,
353,2,Pakistan,India,259410,481896,Ahmed Shehzad,Haris Sohail,Mohammed Shami,y,7.2,0.0,0.0,0.0,106.0,147.0,7.0,-0.61,10.16,-0.61,1.21,87.299,39.0,False,,,1,
354,2,Pakistan,India,259410,481896,Ahmed Shehzad,Haris Sohail,Mohammed Shami,y,7.3,0.0,0.0,0.0,0.0,0.0,0.0,-0.46,12.62,-0.16,1.77,87.456,39.0,False,,,1,
355,2,Pakistan,India,259410,481896,Ahmed Shehzad,Haris Sohail,Mohammed Shami,y,7.4,4.0,4.0,0.0,331.0,267.0,3.0,-0.49,12.70,-0.47,1.85,86.588,43.0,False,,,1,
356,2,Pakistan,India,259410,481896,Ahmed Shehzad,Haris Sohail,Mohammed Shami,y,7.5,0.0,1.0,1.0,0.0,0.0,0.0,-0.81,8.29,-1.24,0.98,87.398,44.0,False,,,1,Wd
357,2,Pakistan,India,259410,481896,Ahmed Shehzad,Haris Sohail,Mohammed Shami,y,7.5,0.0,0.0,0.0,141.0,189.0,6.0,-0.35,8.75,-0.10,0.95,86.298,44.0,False,,,1,
358,2,Pakistan,India,259410,481896,Ahmed Shehzad,Haris Sohail,Mohammed Shami,y,7.6,0.0,0.0,0.0,157.0,202.0,5.0,-0.41,7.81,-0.22,0.78,85.211,44.0,False,,,1,
359,2,Pakistan,India,318788,537119,Haris Sohail,Ahmed Shehzad,Mohit Sharma,n,8.1,0.0,0.0,0.0,231.0,184.0,3.0,0.61,9.14,0.36,1.03,83.127,44.0,False,,,1,
360,2,Pakistan,India,318788,537119,Haris Sohail,Ahmed Shehzad,Mohit Sharma,n,8.2,0.0,0.0,0.0,224.0,217.0,4.0,0.49,6.93,0.24,0.67,85.225,44.0,False,,,1,
361,2,Pakistan,India,318788,537119,Haris Sohail,Ahmed Shehzad,Mohit Sharma,n,8.3,0.0,0.0,0.0,120.0,174.0,6.0,0.42,9.61,-0.03,1.30,85.184,44.0,False,,,1,
362,2,Pakistan,India,318788,537119,Haris Sohail,Ahmed Shehzad,Mohit Sharma,n,8.4,0.0,0.0,0.0,233.0,181.0,3.0,0.57,8.36,0.28,0.87,83.669,44.0,False,,,1,
363,2,Pakistan,India,318788,537119,Haris Sohail,Ahmed Shehzad,Mohit Sharma,n,8.5,1.0,1.0,0.0,89.0,69.0,8.0,0.30,8.86,-0.22,0.88,85.098,45.0,False,,,1,
364,2,Pakistan,India,259410,537119,Ahmed Shehzad,Haris Sohail,Mohit Sharma,y,8.6,0.0,0.0,0.0,0.0,0.0,0.0,-0.36,6.78,-0.35,0.79,84.210,45.0,False,,,0,
365,2,Pakistan,India,318788,481896,Haris Sohail,Ahmed Shehzad,Mohammed Shami,n,9.1,0.0,0.0,0.0,231.0,173.0,3.0,0.73,8.52,0.51,1.11,89.139,45.0,False,,,1,
366,2,Pakistan,India,318788,481896,Haris Sohail,Ahmed Shehzad,Mohammed Shami,n,9.2,1.0,1.0,0.0,267.0,198.0,3.0,0.55,5.76,0.36,0.63,89.447,46.0,False,,,1,
367,2,Pakistan,India,259410,481896,Ahmed Shehzad,Haris Sohail,Mohammed Shami,y,9.3,0.0,0.0,0.0,246.0,186.0,3.0,-0.44,10.60,-0.18,1.30,89.597,46.0,False,,,1,
368,2,Pakistan,India,259410,481896,Ahmed Shehzad,Haris Sohail,Mohammed Shami,y,9.4,0.0,0.0,0.0,114.0,152.0,7.0,-0.47,7.26,-0.43,0.69,88.826,46.0,False,,,1,
369,2,Pakistan,India,259410,481896,Ahmed Shehzad,Haris Sohail,Mohammed Shami,y,9.5,0.0,0.0,0.0,200.0,240.0,4.0,-0.42,9.27,-0.30,1.07,86.052,46.0,False,,,1,
370,2,Pakistan,India,259410,481896,Ahmed Shehzad,Haris Sohail,Mohammed Shami,y,9.6,0.0,0.0,0.0,127.0,185.0,6.0,-0.52,8.43,-0.47,1.00,85.042,46.0,False,,,1,
371,2,Pakistan,India,318788,537119,Haris Sohail,Ahmed Shehzad,Mohit Sharma,n,10.1,0.0,0.0,0.0,241.0,204.0,3.0,0.64,8.95,0.54,1.02,83.621,46.0,False,,,1,
372,2,Pakistan,India,318788,537119,Haris Sohail,Ahmed Shehzad,Mohit Sharma,n,10.2,0.0,0.0,0.0,252.0,161.0,2.0,0.58,8.46,0.29,0.92,84.331,46.0,False,,,1,
373,2,Pakistan,India,318788,537119,Haris Sohail,Ahmed Shehzad,Mohit Sharma,n,10.3,1.0,1.0,0.0,38.0,182.0,6.0,0.31,5.78,0.02,0.59,86.018,47.0,False,,,1,
374,2,Pakistan,India,259410,537119,Ahmed Shehzad,Haris Sohail,Mohit Sharma,y,10.4,0.0,0.0,0.0,146.0,248.0,5.0,-0.41,8.70,-0.34,0.81,82.592,47.0,False,,,1,
375,2,Pakistan,India,259410,537119,Ahmed Shehzad,Haris Sohail,Mohit Sharma,y,10.5,0.0,0.0,0.0,204.0,200.0,4.0,-0.29,6.97,-0.24,0.54,67.020,47.0,False,,,1,
376,2,Pakistan,India,259410,537119,Ahmed Shehzad,Haris Sohail,Mohit Sharma,y,10.6,0.0,0.0,0.0,0.0,0.0,0.0,-0.37,13.42,-0.17,1.89,80.694,47.0,False,,,1,
377,2,Pakistan,India,318788,33335,Haris Sohail,Ahmed Shehzad,Suresh Raina,n,11.1,0.0,0.0,0.0,232.0,201.0,3.0,0.35,4.65,0.37,0.74,57.303,47.0,False,,,1,
378,2,Pakistan,India,318788,33335,Haris Sohail,Ahmed Shehzad,Suresh Raina,n,11.2,1.0,1.0,0.0,232.0,316.0,4.0,0.27,4.67,0.17,0.66,53.190,48.0,False,,,1,
379,2,Pakistan,India,259410,33335,Ahmed Shehzad,Haris Sohail,Suresh Raina,y,11.3,2.0,2.0,0.0,95.0,315.0,5.0,-0.30,6.73,-0.21,0.65,54.585,50.0,False,,,1,
380,2,Pakistan,India,259410,33335,Ahmed Shehzad,Haris Sohail,Suresh Raina,y,11.4,2.0,2.0,0.0,47.0,234.0,6.0,,,,,,52.0,False,,,1,
381,2,Pakistan,India,259410,33335,Ahmed Shehzad,Haris Sohail,Suresh Raina,y,11.5,0.0,0.0,0.0,192.0,204.0,4.0,-0.14,6.16,0.10,0.59,55.994,52.0,False,,,1,
382,2,Pakistan,India,259410,33335,Ahmed Shehzad,Haris Sohail,Suresh Raina,y,11.6,1.0,1.0,0.0,147.0,330.0,5.0,-0.23,2.45,-0.23,0.49,56.198,53.0,False,,,1,
383,2,Pakistan,India,259410,537119,Ahmed Shehzad,Haris Sohail,Mohit Sharma,y,12.1,0.0,0.0,0.0,129.0,209.0,6.0,-0.39,8.78,-0.35,0.97,83.608,53.0,False,,,1,
384,2,Pakistan,India,259410,537119,Ahmed Shehzad,Haris Sohail,Mohit Sharma,y,12.2,4.0,4.0,0.0,320.0,288.0,3.0,-0.37,13.30,0.09,1.82,81.341,57.0,False,,,1,
385,2,Pakistan,India,259410,537119,Ahmed Shehzad,Haris Sohail,Mohit Sharma,y,12.3,0.0,0.0,0.0,144.0,235.0,5.0,-0.37,8.76,-0.33,0.93,68.592,57.0,False,,,1,
386,2,Pakistan,India,259410,537119,Ahmed Shehzad,Haris Sohail,Mohit Sharma,y,12.4,0.0,0.0,0.0,0.0,0.0,0.0,0.17,3.45,0.31,0.32,86.800,57.0,False,,,0,
387,2,Pakistan,India,259410,537119,Ahmed Shehzad,Haris Sohail,Mohit Sharma,y,12.5,0.0,0.0,0.0,196.0,218.0,4.0,-0.21,7.49,-0.10,0.69,83.748,57.0,False,,,1,
388,2,Pakistan,India,259410,537119,Ahmed Shehzad,Haris Sohail,Mohit Sharma,y,12.6,1.0,1.0,0.0,199.0,257.0,4.0,-0.15,5.29,-0.07,0.74,71.037,58.0,False,,,1,
389,2,Pakistan,India,259410,26421,Ahmed Shehzad,Haris Sohail,Ravichandran Ashwin,y,13.1,0.0,0.0,0.0,239.0,157.0,2.0,-0.35,5.93,0.09,0.67,60.867,58.0,False,,,1,
390,2,Pakistan,India,259410,26421,Ahmed Shehzad,Haris Sohail,Ravichandran Ashwin,y,13.2,0.0,0.0,0.0,220.0,207.0,4.0,-0.53,6.33,-0.25,0.83,57.729,58.0,False,,,1,
391,2,Pakistan,India,259410,26421,Ahmed Shehzad,Haris Sohail,Ravichandran Ashwin,y,13.3,0.0,0.0,0.0,200.0,208.0,4.0,-0.36,7.32,-0.28,0.72,55.908,58.0,False,,,1,
392,2,Pakistan,India,259410,26421,Ahmed Shehzad,Haris Sohail,Ravichandran Ashwin,y,13.4,0.0,0.0,0.0,244.0,154.0,2.0,-0.44,5.92,0.22,0.91,53.301,58.0,False,,,1,
393,2,Pakistan,India,259410,26421,Ahmed Shehzad,Haris Sohail,Ravichandran Ashwin,y,13.5,0.0,0.0,0.0,136.0,219.0,5.0,-0.42,5.21,-0.54,0.66,60.904,58.0,False,,,1,
394,2,Pakistan,India,259410,26421,Ahmed Shehzad,Haris Sohail,Ravichandran Ashwin,y,13.6,0.0,0.0,0.0,246.0,178.0,3.0,-0.25,4.70,0.20,0.77,57.013,58.0,False,,,1,
395,2,Pakistan,India,318788,537119,Haris Sohail,Ahmed Shehzad,Mohit Sharma,n,14.1,2.0,2.0,0.0,31.0,127.0,7.0,0.40,8.33,-0.20,0.81,84.320,60.0,False,,,1,
396,2,Pakistan,India,318788,537119,Haris Sohail,Ahmed Shehzad,Mohit Sharma,n,14.2,0.0,0.0,0.0,207.0,254.0,4.0,0.67,6.74,0.55,0.69,82.314,60.0,False,,,1,
397,2,Pakistan,India,318788,537119,Haris Sohail,Ahmed Shehzad,Mohit Sharma,n,14.3,1.0,1.0,0.0,311.0,95.0,2.0,0.68,6.93,0.53,0.64,82.441,61.0,False,,,1,
398,2,Pakistan,India,259410,537119,Ahmed Shehzad,Haris Sohail,Mohit Sharma,y,14.4,0.0,0.0,0.0,139.0,201.0,6.0,-0.24,8.50,-0.10,0.93,83.965,61.0,False,,,1,
399,2,Pakistan,India,259410,537119,Ahmed Shehzad,Haris Sohail,Mohit Sharma,y,14.5,4.0,4.0,0.0,80.0,327.0,5.0,-0.40,4.53,-0.41,0.47,82.977,65.0,False,,,1,
400,2,Pakistan,India,259410,537119,Ahmed Shehzad,Haris Sohail,Mohit Sharma,y,14.6,2.0,2.0,0.0,163.0,340.0,5.0,-0.41,6.60,-0.31,0.86,66.120,67.0,False,,,0,
401,2,Pakistan,India,318788,26421,Haris Sohail,Ahmed Shehzad,Ravichandran Ashwin,n,15.1,1.0,1.0,0.0,63.0,159.0,7.0,0.02,4.41,-0.19,0.72,57.761,68.0,False,,,1,
402,2,Pakistan,India,259410,26421,Ahmed Shehzad,Haris Sohail,Ravichandran Ashwin,y,15.2,1.0,1.0,0.0,258.0,90.0,2.0,-0.51,4.92,0.01,0.77,53.563,69.0,False,,,1,
403,2,Pakistan,India,318788,26421,Haris Sohail,Ahmed Shehzad,Ravichandran Ashwin,n,15.3,1.0,1.0,0.0,148.0,169.0,6.0,0.08,5.24,0.05,0.73,53.876,70.0,False,,,1,
404,2,Pakistan,India,259410,26421,Ahmed Shehzad,Haris Sohail,Ravichandran Ashwin,y,15.4,0.0,0.0,0.0,113.0,167.0,6.0,,,,,,70.0,False,,,1,
405,2,Pakistan,India,259410,26421,Ahmed Shehzad,Haris Sohail,Ravichandran Ashwin,y,15.5,1.0,1.0,0.0,237.0,133.0,2.0,-0.31,4.68,0.18,0.76,56.548,71.0,False,,,0,
406,2,Pakistan,India,318788,26421,Haris Sohail,Ahmed Shehzad,Ravichandran Ashwin,n,15.6,1.0,1.0,0.0,292.0,254.0,3.0,-0.17,6.23,0.48,0.79,58.013,72.0,False,,,1,
407,2,Pakistan,India,318788,234675,Haris Sohail,Ahmed Shehzad,Ravindra Jadeja,n,16.1,1.0,1.0,0.0,117.0,285.0,5.0,0.31,5.36,0.04,0.73,58.921,73.0,False,,,1,
408,2,Pakistan,India,259410,234675,Ahmed Shehzad,Haris Sohail,Ravindra Jadeja,y,16.2,1.0,1.0,0.0,102.0,291.0,5.0,-0.25,3.24,-0.35,0.59,54.652,74.0,False,,,1,
409,2,Pakistan,India,318788,234675,Haris Sohail,Ahmed Shehzad,Ravindra Jadeja,n,16.3,1.0,1.0,0.0,94.0,287.0,5.0,0.42,7.02,-0.03,0.81,53.010,75.0,False,,,1,
410,2,Pakistan,India,259410,234675,Ahmed Shehzad,Haris Sohail,Ravindra Jadeja,y,16.4,0.0,0.0,0.0,131.0,203.0,6.0,-0.23,4.78,-0.24,0.64,60.509,75.0,False,,,1,
411,2,Pakistan,India,259410,234675,Ahmed Shehzad,Haris Sohail,Ravindra Jadeja,y,16.5,1.0,1.0,0.0,57.0,195.0,6.0,-0.28,5.50,-0.31,0.82,57.451,76.0,False,,,1,
412,2,Pakistan,India,318788,234675,Haris Sohail,Ahmed Shehzad,Ravindra Jadeja,n,16.6,3.0,3.0,0.0,345.0,202.0,3.0,0.59,6.01,0.41,0.84,54.668,79.0,False,,,1,
413,2,Pakistan,India,318788,26421,Haris Sohail,Ahmed Shehzad,Ravichandran Ashwin,n,17.1,0.0,0.0,0.0,230.0,197.0,3.0,0.15,4.60,0.08,0.59,58.004,79.0,False,,,1,
414,2,Pakistan,India,318788,26421,Haris Sohail,Ahmed Shehzad,Ravichandran Ashwin,n,17.2,0.0,0.0,0.0,243.0,191.0,3.0,,,,,,79.0,False,,,1,
415,2,Pakistan,India,318788,26421,Haris Sohail,Ahmed Shehzad,Ravichandran Ashwin,n,17.3,0.0,0.0,0.0,184.0,191.0,4.0,0.10,5.62,0.00,0.84,57.543,79.0,False,,,1,
416,2,Pakistan,India,318788,26421,Haris Sohail,Ahmed Shehzad,Ravichandran Ashwin,n,17.4,0.0,0.0,0.0,215.0,150.0,2.0,0.28,4.96,0.47,0.89,53.729,79.0,False,,,1,
417,2,Pakistan,India,318788,26421,Haris Sohail,Ahmed Shehzad,Ravichandran Ashwin,n,17.5,0.0,0.0,0.0,240.0,147.0,2.0,0.40,4.63,0.49,0.75,54.498,79.0,False,,,1,
418,2,Pakistan,India,318788,26421,Haris Sohail,Ahmed Shehzad,Ravichandran Ashwin,n,17.6,0.0,0.0,0.0,190.0,153.0,1.0,0.07,5.41,0.32,0.91,54.648,79.0,True,caught,318788,0,
419,2,Pakistan,India,259410,234675,Ahmed Shehzad,Misbah-ul-Haq,Ravindra Jadeja,y,18.1,0.0,0.0,0.0,133.0,190.0,6.0,-0.19,5.06,-0.20,0.71,57.942,79.0,False,,,1,
420,2,Pakistan,India,259410,234675,Ahmed Shehzad,Misbah-ul-Haq,Ravindra Jadeja,y,18.2,0.0,0.0,0.0,133.0,187.0,6.0,-0.31,4.06,-0.38,0.64,54.811,79.0,False,,,1,
421,2,Pakistan,India,259410,234675,Ahmed Shehzad,Misbah-ul-Haq,Ravindra Jadeja,y,18.3,2.0,2.0,0.0,47.0,100.0,7.0,-0.35,5.60,-0.36,0.71,58.653,81.0,False,,,1,
422,2,Pakistan,India,259410,234675,Ahmed Shehzad,Misbah-ul-Haq,Ravindra Jadeja,y,18.4,0.0,0.0,0.0,157.0,185.0,6.0,-0.16,6.78,-0.12,0.72,58.281,81.0,False,,,1,
423,2,Pakistan,India,259410,234675,Ahmed Shehzad,Misbah-ul-Haq,Ravindra Jadeja,y,18.5,0.0,0.0,0.0,178.0,193.0,5.0,-0.28,3.20,-0.26,0.60,56.811,81.0,False,,,0,
424,2,Pakistan,India,259410,234675,Ahmed Shehzad,Misbah-ul-Haq,Ravindra Jadeja,y,18.6,2.0,2.0,0.0,38.0,157.0,7.0,-0.46,6.18,-0.51,0.74,57.138,83.0,False,,,1,
425,2,Pakistan,India,41378,26421,Misbah-ul-Haq,Ahmed Shehzad,Ravichandran Ashwin,y,19.1,0.0,0.0,0.0,0.0,0.0,0.0,-0.46,3.98,-0.29,0.71,54.925,83.0,False,,,0,
426,2,Pakistan,India,41378,26421,Misbah-ul-Haq,Ahmed Shehzad,Ravichandran Ashwin,y,19.2,1.0,1.0,0.0,267.0,284.0,4.0,-0.40,5.72,-0.02,0.74,51.805,84.0,False,,,1,
427,2,Pakistan,India,259410,26421,Ahmed Shehzad,Misbah-ul-Haq,Ravichandran Ashwin,y,19.3,0.0,0.0,0.0,245.0,189.0,3.0,-0.44,4.29,-0.09,0.74,52.602,84.0,False,,,1,
428,2,Pakistan,India,259410,26421,Ahmed Shehzad,Misbah-ul-Haq,Ravichandran Ashwin,y,19.4,4.0,4.0,0.0,9.0,157.0,7.0,-0.60,6.76,-0.44,0.80,58.803,88.0,False,,,1,
429,2,Pakistan,India,259410,26421,Ahmed Shehzad,Misbah-ul-Haq,Ravichandran Ashwin,y,19.5,4.0,4.0,0.0,87.0,329.0,5.0,-0.64,5.35,-0.36,0.83,53.420,92.0,False,,,1,
430,2,Pakistan,India,259410,26421,Ahmed Shehzad,Misbah-ul-Haq,Ravichandran Ashwin,y,19.6,0.0,0.0,0.0,242.0,191.0,3.0,-0.42,5.12,-0.11,0.77,59.284,92.0,False,,,1,
431,2,Pakistan,India,41378,234675,Misbah-ul-Haq,Ahmed Shehzad,Ravindra Jadeja,y,20.1,1.0,1.0,0.0,89.0,267.0,5.0,-0.16,4.14,-0.21,0.69,55.512,93.0,False,,,1,
432,2,Pakistan,India,259410,234675,Ahmed Shehzad,Misbah-ul-Haq,Ravindra Jadeja,y,20.2,0.0,0.0,0.0,110.0,171.0,6.0,-0.33,4.81,-0.33,0.62,57.163,93.0,False,,,1,
433,2,Pakistan,India,259410,234675,Ahmed Shehzad,Misbah-ul-Haq,Ravindra Jadeja,y,20.3,0.0,0.0,0.0,130.0,196.0,6.0,-0.29,4.56,-0.34,0.70,59.114,93.0,False,,,1,
434,2,Pakistan,India,259410,234675,Ahmed Shehzad,Misbah-ul-Haq,Ravindra Jadeja,y,20.4,0.0,0.0,0.0,122.0,192.0,6.0,-0.20,5.49,-0.15,0.67,60.926,93.0,False,,,1,
435,2,Pakistan,India,259410,234675,Ahmed Shehzad,Misbah-ul-Haq,Ravindra Jadeja,y,20.5,2.0,2.0,0.0,44.0,219.0,6.0,,,,,,95.0,False,,,1,
436,2,Pakistan,India,259410,234675,Ahmed Shehzad,Misbah-ul-Haq,Ravindra Jadeja,y,20.6,2.0,2.0,0.0,125.0,85.0,8.0,-0.31,4.29,-0.22,0.61,57.592,97.0,False,,,1,
437,2,Pakistan,India,41378,376116,Misbah-ul-Haq,Ahmed Shehzad,Umesh Yadav,y,21.1,1.0,1.0,0.0,301.0,202.0,3.0,-0.28,4.18,-0.15,0.52,81.198,98.0,False,,,1,
438,2,Pakistan,India,259410,376116,Ahmed Shehzad,Misbah-ul-Haq,Umesh Yadav,y,21.2,0.0,0.0,0.0,121.0,190.0,6.0,-0.33,5.89,-0.26,0.61,88.361,98.0,False,,,1,
439,2,Pakistan,India,259410,376116,Ahmed Shehzad,Misbah-ul-Haq,Umesh Yadav,y,21.3,0.0,0.0,0.0,172.0,187.0,5.0,-0.31,7.97,-0.10,0.80,88.797,98.0,False,,,1,
440,2,Pakistan,India,259410,376116,Ahmed Shehzad,Misbah-ul-Haq,Umesh Yadav,y,21.4,0.0,0.0,0.0,246.0,191.0,3.0,-0.22,7.43,-0.04,0.60,90.381,98.0,False,,,1,
441,2,Pakistan,India,259410,376116,Ahmed Shehzad,Misbah-ul-Haq,Umesh Yadav,y,21.5,0.0,0.0,0.0,0.0,0.0,0.0,-0.59,7.99,-0.62,0.88,86.398,98.0,False,,,0,
442,2,Pakistan,India,259410,376116,Ahmed Shehzad,Misbah-ul-Haq,Umesh Yadav,y,21.6,0.0,0.0,0.0,181.0,197.0,4.0,-0.23,7.90,0.07,0.88,87.567,98.0,False,,,1,
443,2,Pakistan,India,41378,234675,Misbah-ul-Haq,Ahmed Shehzad,Ravindra Jadeja,y,22.1,1.0,1.0,0.0,33.0,195.0,6.0,-0.09,2.93,-0.14,0.52,54.357,99.0,False,,,1,
444,2,Pakistan,India,259410,234675,Ahmed Shehzad,Misbah-ul-Haq,Ravindra Jadeja,y,22.2,1.0,1.0,0.0,34.0,206.0,6.0,-0.31,5.73,-0.30,0.76,58.368,100.0,False,,,1,
445,2,Pakistan,India,41378,234675,Misbah-ul-Haq,Ahmed Shehzad,Ravindra Jadeja,y,22.3,0.0,0.0,0.0,134.0,196.0,6.0,-0.25,3.52,-0.19,0.60,54.876,100.0,False,,,1,
446,2,Pakistan,India,41378,234675,Misbah-ul-Haq,Ahmed Shehzad,Ravindra Jadeja,y,22.4,0.0,0.0,0.0,162.0,200.0,5.0,-0.23,4.91,-0.17,0.69,55.899,100.0,False,,,1,
447,2,Pakistan,India,41378,234675,Misbah-ul-Haq,Ahmed Shehzad,Ravindra Jadeja,y,22.5,0.0,0.0,0.0,118.0,153.0,7.0,-0.52,4.62,-0.52,0.67,58.130,100.0,False,,,1,
448,2,Pakistan,India,41378,234675,Misbah-ul-Haq,Ahmed Shehzad,Ravindra Jadeja,y,22.6,1.0,1.0,0.0,228.0,298.0,4.0,-0.00,4.29,0.07,0.53,54.598,101.0,False,,,1,
449,2,Pakistan,India,41378,376116,Misbah-ul-Haq,Ahmed Shehzad,Umesh Yadav,y,23.1,1.0,1.0,0.0,247.0,72.0,1.0,-0.29,10.19,0.02,1.19,90.542,102.0,False,,,1,
450,2,Pakistan,India,259410,376116,Ahmed Shehzad,Misbah-ul-Haq,Umesh Yadav,y,23.2,0.0,0.0,0.0,119.0,149.0,7.0,-0.70,9.48,-0.70,1.07,87.536,102.0,True,caught,259410,0,
451,2,Pakistan,India,43266,376116,Sohaib Maqsood,Misbah-ul-Haq,Umesh Yadav,y,23.3,0.0,0.0,0.0,124.0,150.0,7.0,-0.41,9.07,-0.32,1.23,92.577,102.0,False,,,1,
452,2,Pakistan,India,43266,376116,Sohaib Maqsood,Misbah-ul-Haq,Umesh Yadav,y,23.4,0.0,0.0,0.0,155.0,126.0,8.0,-0.64,8.64,-0.70,1.03,86.871,102.0,True,caught,43266,0,
453,2,Pakistan,India,317273,376116,Umar Akmal,Misbah-ul-Haq,Umesh Yadav,y,23.5,0.0,0.0,0.0,158.0,191.0,5.0,-0.16,6.50,-0.04,0.72,90.290,102.0,False,,,1,
454,2,Pakistan,India,317273,376116,Umar Akmal,Misbah-ul-Haq,Umesh Yadav,y,23.6,0.0,0.0,0.0,0.0,0.0,0.0,-0.52,7.43,-0.47,0.76,89.058,102.0,False,,,1,
455,2,Pakistan,India,41378,234675,Misbah-ul-Haq,Umar Akmal,Ravindra Jadeja,y,24.1,0.0,0.0,0.0,139.0,196.0,6.0,-0.16,4.60,-0.18,0.71,55.752,102.0,False,,,1,
456,2,Pakistan,India,41378,234675,Misbah-ul-Haq,Umar Akmal,Ravindra Jadeja,y,24.2,1.0,1.0,0.0,247.0,181.0,3.0,-0.01,6.01,0.12,0.78,61.757,103.0,False,,,1,
457,2,Pakistan,India,317273,234675,Umar Akmal,Misbah-ul-Haq,Ravindra Jadeja,y,24.3,0.0,0.0,0.0,137.0,186.0,6.0,-0.16,5.70,-0.03,0.71,57.444,103.0,False,,,1,
458,2,Pakistan,India,317273,234675,Umar Akmal,Misbah-ul-Haq,Ravindra Jadeja,y,24.4,0.0,0.0,0.0,179.0,151.0,8.0,-0.26,5.51,-0.36,0.79,60.858,103.0,True,caught,317273,0,
459,2,Pakistan,India,42639,234675,Shahid Afridi,Misbah-ul-Haq,Ravindra Jadeja,y,24.5,1.0,1.0,0.0,43.0,180.0,6.0,-0.27,5.77,-0.24,0.72,59.818,104.0,False,,,1,
460,2,Pakistan,India,41378,234675,Misbah-ul-Haq,Shahid Afridi,Ravindra Jadeja,y,24.6,1.0,1.0,0.0,79.0,272.0,5.0,-0.33,3.84,-0.42,0.62,56.235,105.0,False,,,1,
461,2,Pakistan,India,41378,376116,Misbah-ul-Haq,Shahid Afridi,Umesh Yadav,y,25.1,0.0,0.0,0.0,148.0,176.0,6.0,-0.50,11.36,-0.33,1.52,85.498,105.0,False,,,1,
462,2,Pakistan,India,41378,376116,Misbah-ul-Haq,Shahid Afridi,Umesh Yadav,y,25.2,1.0,1.0,0.0,80.0,71.0,7.0,-0.58,10.71,-0.73,1.42,87.995,106.0,False,,,0,
463,2,Pakistan,India,42639,376116,Shahid Afridi,Misbah-ul-Haq,Umesh Yadav,y,25.3,0.0,0.0,0.0,0.0,0.0,0.0,-0.35,11.14,-0.08,1.32,85.898,106.0,False,,,1,
464,2,Pakistan,India,42639,376116,Shahid Afridi,Misbah-ul-Haq,Umesh Yadav,y,25.4,1.0,1.0,0.0,246.0,203.0,3.0,-0.30,8.76,-0.11,1.14,90.860,107.0,False,,,0,
465,2,Pakistan,India,41378,376116,Misbah-ul-Haq,Shahid Afridi,Umesh Yadav,y,25.5,1.0,1.0,0.0,217.0,174.0,3.0,-0.44,11.36,-0.21,1.42,87.113,108.0,False,,,1,
466,2,Pakistan,India,42639,376116,Shahid Afridi,Misbah-ul-Haq,Umesh Yadav,y,25.6,1.0,1.0,0.0,240.0,222.0,3.0,-0.33,7.17,-0.14,0.78,90.230,109.0,False,,,1,
467,2,Pakistan,India,42639,234675,Shahid Afridi,Misbah-ul-Haq,Ravindra Jadeja,y,26.1,1.0,1.0,0.0,26.0,164.0,7.0,-0.44,6.29,-0.58,0.78,61.442,110.0,False,,,1,
468,2,Pakistan,India,41378,234675,Misbah-ul-Haq,Shahid Afridi,Ravindra Jadeja,y,26.2,0.0,0.0,0.0,118.0,164.0,7.0,-0.18,5.55,-0.22,0.79,57.951,110.0,False,,,1,
469,2,Pakistan,India,41378,234675,Misbah-ul-Haq,Shahid Afridi,Ravindra Jadeja,y,26.3,1.0,1.0,0.0,85.0,284.0,5.0,-0.13,4.15,-0.16,0.64,56.403,111.0,False,,,1,
470,2,Pakistan,India,42639,234675,Shahid Afridi,Misbah-ul-Haq,Ravindra Jadeja,y,26.4,6.0,6.0,0.0,357.0,222.0,3.0,-0.13,7.53,0.11,0.84,-2.237,117.0,False,,,1,
471,2,Pakistan,India,42639,234675,Shahid Afridi,Misbah-ul-Haq,Ravindra Jadeja,y,26.5,1.0,1.0,0.0,43.0,189.0,6.0,-0.09,4.03,-0.11,0.68,57.418,118.0,False,,,0,
472,2,Pakistan,India,41378,234675,Misbah-ul-Haq,Shahid Afridi,Ravindra Jadeja,y,26.6,1.0,1.0,0.0,85.0,263.0,5.0,-0.11,4.32,-0.07,0.69,59.400,119.0,False,,,1,
473,2,Pakistan,India,41378,26421,Misbah-ul-Haq,Shahid Afridi,Ravichandran Ashwin,y,27.1,0.0,0.0,0.0,236.0,185.0,3.0,-0.21,4.24,0.01,0.67,56.435,119.0,False,,,1,
474,2,Pakistan,India,41378,26421,Misbah-ul-Haq,Shahid Afridi,Ravichandran Ashwin,y,27.2,0.0,0.0,0.0,231.0,194.0,3.0,,,,,,119.0,False,,,1,
475,2,Pakistan,India,41378,26421,Misbah-ul-Haq,Shahid Afridi,Ravichandran Ashwin,y,27.3,0.0,0.0,0.0,120.0,196.0,6.0,-0.58,5.71,-0.13,0.76,53.638,119.0,False,,,0,
476,2,Pakistan,India,41378,26421,Misbah-ul-Haq,Shahid Afridi,Ravichandran Ashwin,y,27.4,0.0,0.0,0.0,0.0,0.0,0.0,-0.46,4.50,-0.01,0.80,52.802,119.0,False,,,0,
477,2,Pakistan,India,41378,26421,Misbah-ul-Haq,Shahid Afridi,Ravichandran Ashwin,y,27.5,0.0,0.0,0.0,225.0,195.0,3.0,-0.23,5.85,-0.06,0.69,61.960,119.0,False,,,1,
478,2,Pakistan,India,41378,26421,Misbah-ul-Haq,Shahid Afridi,Ravichandran Ashwin,y,27.6,0.0,0.0,0.0,183.0,195.0,4.0,-0.23,5.67,-0.09,0.69,57.898,119.0,False,,,1,
479,2,Pakistan,India,42639,537119,Shahid Afridi,Misbah-ul-Haq,Mohit Sharma,y,28.1,0.0,0.0,0.0,129.0,151.0,7.0,-0.23,7.42,-0.15,0.70,68.930,119.0,False,,,1,
480,2,Pakistan,India,42639,537119,Shahid Afridi,Misbah-ul-Haq,Mohit Sharma,y,28.2,0.0,0.0,0.0,0.0,0.0,0.0,-0.33,12.81,-0.32,1.77,82.042,119.0,False,,,0,
481,2,Pakistan,India,42639,537119,Shahid Afridi,Misbah-ul-Haq,Mohit Sharma,y,28.3,1.0,1.0,0.0,282.0,225.0,3.0,-0.07,0.59,-0.07,0.07,87.436,120.0,False,,,0,
482,2,Pakistan,India,41378,537119,Misbah-ul-Haq,Shahid Afridi,Mohit Sharma,y,28.4,1.0,1.0,0.0,310.0,173.0,3.0,-0.14,5.08,-0.03,0.49,86.387,121.0,False,,,1,
483,2,Pakistan,India,42639,537119,Shahid Afridi,Misbah-ul-Haq,Mohit Sharma,y,28.5,1.0,1.0,0.0,110.0,167.0,6.0,-0.24,8.72,-0.24,1.01,68.625,122.0,False,,,1,
484,2,Pakistan,India,41378,537119,Misbah-ul-Haq,Shahid Afridi,Mohit Sharma,y,28.6,2.0,2.0,0.0,65.0,94.0,7.0,-0.41,9.58,-0.37,1.02,83.960,124.0,False,,,1,
485,2,Pakistan,India,42639,26421,Shahid Afridi,Misbah-ul-Haq,Ravichandran Ashwin,y,29.1,1.0,1.0,0.0,249.0,153.0,2.0,-0.37,5.01,0.05,0.86,51.718,125.0,False,,,1,
486,2,Pakistan,India,41378,26421,Misbah-ul-Haq,Shahid Afridi,Ravichandran Ashwin,y,29.2,0.0,0.0,0.0,201.0,171.0,3.0,-0.35,4.96,0.17,0.98,53.618,125.0,False,,,1,
487,2,Pakistan,India,41378,26421,Misbah-ul-Haq,Shahid Afridi,Ravichandran Ashwin,y,29.3,2.0,2.0,0.0,258.0,84.0,1.0,-0.32,5.65,0.31,0.81,53.235,127.0,False,,,0,
488,2,Pakistan,India,41378,26421,Misbah-ul-Haq,Shahid Afridi,Ravichandran Ashwin,y,29.4,1.0,1.0,0.0,291.0,130.0,2.0,-0.23,6.07,0.46,0.79,52.274,128.0,False,,,1,
489,2,Pakistan,India,42639,26421,Shahid Afridi,Misbah-ul-Haq,Ravichandran Ashwin,y,29.5,4.0,4.0,0.0,353.0,169.0,3.0,-0.24,5.28,-0.14,0.63,60.653,132.0,False,,,1,
490,2,Pakistan,India,42639,26421,Shahid Afridi,Misbah-ul-Haq,Ravichandran Ashwin,y,29.6,0.0,0.0,0.0,121.0,162.0,7.0,-0.64,5.26,-0.27,0.79,55.713,132.0,False,,,1,
491,2,Pakistan,India,41378,537119,Misbah-ul-Haq,Shahid Afridi,Mohit Sharma,y,30.1,0.0,0.0,0.0,118.0,148.0,7.0,-0.40,11.01,-0.40,1.16,83.130,132.0,False,,,1,
492,2,Pakistan,India,41378,537119,Misbah-ul-Haq,Shahid Afridi,Mohit Sharma,y,30.2,0.0,0.0,0.0,133.0,197.0,6.0,-0.33,6.58,-0.21,0.74,85.498,132.0,False,,,1,
493,2,Pakistan,India,41378,537119,Misbah-ul-Haq,Shahid Afridi,Mohit Sharma,y,30.3,1.0,1.0,0.0,232.0,212.0,3.0,-0.36,9.37,-0.22,0.98,84.253,133.0,False,,,0,
494,2,Pakistan,India,42639,537119,Shahid Afridi,Misbah-ul-Haq,Mohit Sharma,y,30.4,0.0,0.0,0.0,246.0,194.0,3.0,-0.40,6.72,-0.39,0.79,67.710,133.0,False,,,1,
495,2,Pakistan,India,42639,537119,Shahid Afridi,Misbah-ul-Haq,Mohit Sharma,y,30.5,1.0,1.0,0.0,333.0,187.0,3.0,-0.37,12.06,-0.23,1.32,83.254,134.0,False,,,1,
496,2,Pakistan,India,41378,537119,Misbah-ul-Haq,Shahid Afridi,Mohit Sharma,y,30.6,0.0,0.0,0.0,126.0,206.0,6.0,-0.45,3.90,-0.47,0.52,66.334,134.0,False,,,1,
497,2,Pakistan,India,42639,234675,Shahid Afridi,Misbah-ul-Haq,Ravindra Jadeja,y,31.1,1.0,1.0,0.0,321.0,238.0,3.0,-0.22,7.70,-0.13,0.87,59.498,135.0,False,,,1,
498,2,Pakistan,India,41378,234675,Misbah-ul-Haq,Shahid Afridi,Ravindra Jadeja,y,31.2,1.0,1.0,0.0,39.0,152.0,7.0,-0.46,6.80,-0.69,0.90,53.387,136.0,False,,,1,
499,2,Pakistan,India,42639,234675,Shahid Afridi,Misbah-ul-Haq,Ravindra Jadeja,y,31.3,0.0,0.0,0.0,196.0,209.0,4.0,-0.23,5.72,0.04,0.79,60.378,136.0,False,,,1,
500,2,Pakistan,India,42639,234675,Shahid Afridi,Misbah-ul-Haq,Ravindra Jadeja,y,31.4,1.0,1.0,0.0,334.0,181.0,3.0,-0.64,5.32,-0.93,0.83,54.462,137.0,False,,,1,
501,2,Pakistan,India,41378,234675,Misbah-ul-Haq,Shahid Afridi,Ravindra Jadeja,y,31.5,0.0,0.0,0.0,140.0,123.0,8.0,-0.30,6.10,-0.38,0.78,58.327,137.0,False,,,1,
502,2,Pakistan,India,41378,234675,Misbah-ul-Haq,Shahid Afridi,Ravindra Jadeja,y,31.6,0.0,0.0,0.0,123.0,199.0,6.0,-0.44,4.97,-0.50,0.89,55.301,137.0,False,,,1,
503,2,Pakistan,India,42639,481896,Shahid Afridi,Misbah-ul-Haq,Mohammed Shami,y,32.1,0.0,1.0,1.0,242.0,156.0,2.0,0.22,1.49,0.30,0.18,88.204,138.0,False,,,0,Lb
504,2,Pakistan,India,41378,481896,Misbah-ul-Haq,Shahid Afridi,Mohammed Shami,y,32.2,0.0,0.0,0.0,0.0,0.0,0.0,-0.28,11.25,0.02,1.47,88.044,138.0,False,,,1,
505,2,Pakistan,India,41378,481896,Misbah-ul-Haq,Shahid Afridi,Mohammed Shami,y,32.3,0.0,0.0,0.0,128.0,137.0,7.0,-0.63,12.25,-0.29,1.73,79.372,138.0,False,,,1,
506,2,Pakistan,India,41378,481896,Misbah-ul-Haq,Shahid Afridi,Mohammed Shami,y,32.4,0.0,0.0,0.0,113.0,194.0,6.0,-0.04,3.10,0.05,0.35,89.827,138.0,False,,,1,
507,2,Pakistan,India,41378,481896,Misbah-ul-Haq,Shahid Afridi,Mohammed Shami,y,32.5,0.0,0.0,0.0,213.0,246.0,4.0,-0.55,7.95,-0.46,0.87,79.305,138.0,False,,,0,
508,2,Pakistan,India,41378,481896,Misbah-ul-Haq,Shahid Afridi,Mohammed Shami,y,32.6,1.0,1.0,0.0,197.0,261.0,4.0,-0.29,5.07,-0.13,0.56,88.791,139.0,False,,,1,
509,2,Pakistan,India,41378,376116,Misbah-ul-Haq,Shahid Afridi,Umesh Yadav,y,33.1,4.0,4.0,0.0,13.0,220.0,6.0,0.10,3.63,0.26,0.40,87.052,143.0,False,,,1,
510,2,Pakistan,India,41378,376116,Misbah-ul-Haq,Shahid Afridi,Umesh Yadav,y,33.2,0.0,0.0,0.0,153.0,249.0,5.0,-0.12,3.09,-0.04,0.35,87.144,143.0,False,,,1,
511,2,Pakistan,India,41378,376116,Misbah-ul-Haq,Shahid Afridi,Umesh Yadav,y,33.3,4.0,4.0,0.0,338.0,91.0,2.0,0.40,-1.69,0.32,0.31,87.775,147.0,False,,,1,
512,2,Pakistan,India,41378,376116,Misbah-ul-Haq,Shahid Afridi,Umesh Yadav,y,33.4,1.0,1.0,0.0,131.0,185.0,6.0,-0.59,10.44,-0.60,1.17,89.164,148.0,False,,,0,
513,2,Pakistan,India,42639,376116,Shahid Afridi,Misbah-ul-Haq,Umesh Yadav,y,33.5,1.0,1.0,0.0,117.0,200.0,6.0,-0.70,10.39,-0.74,1.17,89.606,149.0,False,,,1,
514,2,Pakistan,India,41378,376116,Misbah-ul-Haq,Shahid Afridi,Umesh Yadav,y,33.6,0.0,0.0,0.0,158.0,192.0,5.0,-0.31,7.21,-0.11,0.80,90.012,149.0,False,,,1,
515,2,Pakistan,India,42639,481896,Shahid Afridi,Misbah-ul-Haq,Mohammed Shami,y,34.1,0.0,0.0,0.0,64.0,149.0,7.0,-0.04,-3.68,-0.13,0.56,88.000,149.0,True,caught,42639,0,
516,2,Pakistan,India,41378,481896,Misbah-ul-Haq,Wahab Riaz,Mohammed Shami,y,34.2,1.0,1.0,0.0,38.0,218.0,6.0,-0.37,2.80,-0.34,0.30,89.934,150.0,False,,,1,
517,2,Pakistan,India,43590,481896,Wahab Riaz,Misbah-ul-Haq,Mohammed Shami,y,34.3,4.0,4.0,0.0,215.0,12.0,1.0,-0.04,6.83,0.23,0.64,90.608,154.0,False,,,1,
518,2,Pakistan,India,43590,481896,Wahab Riaz,Misbah-ul-Haq,Mohammed Shami,y,34.4,0.0,0.0,0.0,168.0,102.0,8.0,-0.64,11.30,-0.65,1.34,83.097,154.0,True,caught,43590,0,
519,2,Pakistan,India,43685,481896,Yasir Shah,Misbah-ul-Haq,Mohammed Shami,y,34.5,0.0,0.0,0.0,143.0,189.0,6.0,-0.41,11.39,-0.12,1.30,89.393,154.0,False,,,1,
520,2,Pakistan,India,43685,481896,Yasir Shah,Misbah-ul-Haq,Mohammed Shami,y,34.6,0.0,0.0,0.0,199.0,254.0,4.0,-0.16,4.61,-0.06,0.43,86.921,154.0,False,,,1,
521,2,Pakistan,India,41378,26421,Misbah-ul-Haq,Yasir Shah,Ravichandran Ashwin,y,35.1,6.0,6.0,0.0,354.0,195.0,3.0,-0.47,4.89,-0.08,0.72,52.618,160.0,False,,,1,
522,2,Pakistan,India,41378,26421,Misbah-ul-Haq,Yasir Shah,Ravichandran Ashwin,y,35.2,0.0,0.0,0.0,327.0,180.0,3.0,-0.19,7.48,0.04,0.67,61.375,160.0,False,,,1,
523,2,Pakistan,India,41378,26421,Misbah-ul-Haq,Yasir Shah,Ravichandran Ashwin,y,35.3,0.0,1.0,1.0,0.0,0.0,0.0,0.05,5.63,0.30,0.67,61.842,161.0,False,,,1,Wd
524,2,Pakistan,India,41378,26421,Misbah-ul-Haq,Yasir Shah,Ravichandran Ashwin,y,35.3,2.0,2.0,0.0,47.0,98.0,7.0,-0.78,6.91,-0.47,0.93,53.997,163.0,False,,,1,
525,2,Pakistan,India,41378,26421,Misbah-ul-Haq,Yasir Shah,Ravichandran Ashwin,y,35.4,1.0,1.0,0.0,317.0,143.0,2.0,0.10,6.33,0.24,0.87,55.361,164.0,False,,,1,
526,2,Pakistan,India,43685,26421,Yasir Shah,Misbah-ul-Haq,Ravichandran Ashwin,y,35.5,1.0,1.0,0.0,127.0,128.0,7.0,-0.68,4.66,-0.39,0.82,54.075,165.0,False,,,1,
527,2,Pakistan,India,41378,26421,Misbah-ul-Haq,Yasir Shah,Ravichandran Ashwin,y,35.6,4.0,4.0,0.0,22.0,108.0,7.0,-0.22,6.64,-0.52,0.99,54.542,169.0,False,,,1,
528,2,Pakistan,India,43685,481896,Yasir Shah,Misbah-ul-Haq,Mohammed Shami,y,36.1,1.0,1.0,0.0,214.0,250.0,4.0,-0.23,5.73,-0.06,0.59,87.663,170.0,False,,,1,
529,2,Pakistan,India,41378,481896,Misbah-ul-Haq,Yasir Shah,Mohammed Shami,y,36.2,4.0,4.0,0.0,136.0,350.0,5.0,-0.33,5.56,-0.19,0.56,88.859,174.0,False,,,1,
530,2,Pakistan,India,41378,481896,Misbah-ul-Haq,Yasir Shah,Mohammed Shami,y,36.3,2.0,2.0,0.0,109.0,33.0,8.0,-0.58,12.51,-0.30,1.62,77.477,176.0,False,,,1,
531,2,Pakistan,India,41378,481896,Misbah-ul-Haq,Yasir Shah,Mohammed Shami,y,36.4,4.0,4.0,0.0,352.0,203.0,3.0,-0.20,-0.76,-0.22,0.16,86.198,180.0,False,,,1,
532,2,Pakistan,India,41378,481896,Misbah-ul-Haq,Yasir Shah,Mohammed Shami,y,36.5,0.0,0.0,0.0,0.0,0.0,0.0,-0.72,6.34,-0.79,0.68,81.800,180.0,False,,,0,
533,2,Pakistan,India,41378,481896,Misbah-ul-Haq,Yasir Shah,Mohammed Shami,y,36.6,1.0,1.0,0.0,26.0,201.0,6.0,-0.68,4.41,-0.70,0.54,79.704,181.0,False,,,1,
534,2,Pakistan,India,41378,234675,Misbah-ul-Haq,Yasir Shah,Ravindra Jadeja,y,37.1,0.0,0.0,0.0,127.0,205.0,6.0,-0.20,4.25,-0.13,0.57,61.807,181.0,False,,,1,
535,2,Pakistan,India,41378,234675,Misbah-ul-Haq,Yasir Shah,Ravindra Jadeja,y,37.2,0.0,0.0,0.0,151.0,196.0,5.0,-0.25,5.21,-0.20,0.79,54.271,181.0,False,,,1,
536,2,Pakistan,India,41378,234675,Misbah-ul-Haq,Yasir Shah,Ravindra Jadeja,y,37.3,1.0,1.0,0.0,220.0,327.0,4.0,-0.06,3.42,0.05,0.52,61.247,182.0,False,,,1,
537,2,Pakistan,India,43685,234675,Yasir Shah,Misbah-ul-Haq,Ravindra Jadeja,y,37.4,2.0,2.0,0.0,152.0,44.0,8.0,-0.32,5.44,-0.43,0.77,53.862,184.0,False,,,0,
538,2,Pakistan,India,43685,234675,Yasir Shah,Misbah-ul-Haq,Ravindra Jadeja,y,37.5,0.0,0.0,0.0,205.0,197.0,4.0,-0.01,5.24,0.01,0.71,55.047,184.0,False,,,1,
539,2,Pakistan,India,43685,234675,Yasir Shah,Misbah-ul-Haq,Ravindra Jadeja,y,37.6,0.0,0.0,0.0,114.0,147.0,7.0,-0.30,3.96,-0.30,0.58,58.615,184.0,False,,,1,
540,2,Pakistan,India,41378,376116,Misbah-ul-Haq,Yasir Shah,Umesh Yadav,y,38.1,0.0,1.0,1.0,0.0,0.0,0.0,-0.74,9.56,-0.93,1.19,75.585,185.0,False,,,0,Wd
541,2,Pakistan,India,41378,376116,Misbah-ul-Haq,Yasir Shah,Umesh Yadav,y,38.1,0.0,0.0,0.0,113.0,148.0,7.0,-0.41,11.57,-0.12,1.44,89.097,185.0,False,,,1,
542,2,Pakistan,India,41378,376116,Misbah-ul-Haq,Yasir Shah,Umesh Yadav,y,38.2,0.0,0.0,0.0,206.0,188.0,3.0,-0.44,10.57,-0.35,1.61,87.185,185.0,False,,,1,
543,2,Pakistan,India,41378,376116,Misbah-ul-Haq,Yasir Shah,Umesh Yadav,y,38.3,1.0,1.0,0.0,41.0,201.0,6.0,-0.60,8.29,-0.66,0.88,73.153,186.0,False,,,1,
544,2,Pakistan,India,43685,376116,Yasir Shah,Misbah-ul-Haq,Umesh Yadav,y,38.4,0.0,0.0,0.0,131.0,196.0,6.0,-0.40,11.09,-0.23,1.22,86.601,186.0,False,,,1,
545,2,Pakistan,India,43685,376116,Yasir Shah,Misbah-ul-Haq,Umesh Yadav,y,38.5,1.0,1.0,0.0,76.0,76.0,7.0,-0.59,12.48,-0.66,1.69,86.481,187.0,False,,,1,
546,2,Pakistan,India,41378,376116,Misbah-ul-Haq,Yasir Shah,Umesh Yadav,y,38.6,1.0,1.0,0.0,332.0,155.0,2.0,-0.28,11.11,-0.03,1.25,88.881,188.0,False,,,1,
547,2,Pakistan,India,41378,234675,Misbah-ul-Haq,Yasir Shah,Ravindra Jadeja,y,39.1,0.0,0.0,0.0,124.0,197.0,6.0,0.05,5.98,0.19,0.58,54.556,188.0,False,,,1,
548,2,Pakistan,India,41378,234675,Misbah-ul-Haq,Yasir Shah,Ravindra Jadeja,y,39.2,4.0,4.0,0.0,91.0,31.0,8.0,-0.10,3.67,-0.04,0.65,61.287,192.0,False,,,1,
549,2,Pakistan,India,41378,234675,Misbah-ul-Haq,Yasir Shah,Ravindra Jadeja,y,39.3,1.0,1.0,0.0,103.0,303.0,5.0,-0.17,6.58,-0.02,0.82,57.165,193.0,False,,,1,
550,2,Pakistan,India,43685,234675,Yasir Shah,Misbah-ul-Haq,Ravindra Jadeja,y,39.4,0.0,0.0,0.0,132.0,138.0,7.0,-0.07,5.15,-0.14,0.86,55.997,193.0,False,,,1,
551,2,Pakistan,India,43685,234675,Yasir Shah,Misbah-ul-Haq,Ravindra Jadeja,y,39.5,1.0,1.0,0.0,64.0,184.0,6.0,-0.20,5.30,-0.26,0.75,55.787,194.0,False,,,1,
552,2,Pakistan,India,41378,234675,Misbah-ul-Haq,Yasir Shah,Ravindra Jadeja,y,39.6,0.0,0.0,0.0,0.0,0.0,0.0,-0.13,4.73,-0.14,0.85,56.129,194.0,False,,,0,
553,2,Pakistan,India,43685,376116,Yasir Shah,Misbah-ul-Haq,Umesh Yadav,y,40.1,0.0,0.0,0.0,0.0,0.0,0.0,-0.30,11.08,0.06,1.27,87.489,194.0,False,,,0,
554,2,Pakistan,India,43685,376116,Yasir Shah,Misbah-ul-Haq,Umesh Yadav,y,40.2,0.0,0.0,0.0,137.0,187.0,6.0,-0.45,9.83,-0.30,1.28,87.268,194.0,False,,,0,
555,2,Pakistan,India,43685,376116,Yasir Shah,Misbah-ul-Haq,Umesh Yadav,y,40.3,0.0,1.0,1.0,0.0,0.0,0.0,0.21,9.90,0.96,1.17,86.837,195.0,False,,,1,Wd
556,2,Pakistan,India,43685,376116,Yasir Shah,Misbah-ul-Haq,Umesh Yadav,y,40.3,0.0,0.0,0.0,242.0,165.0,2.0,-0.22,10.36,0.14,1.31,86.094,195.0,False,,,1,
557,2,Pakistan,India,43685,376116,Yasir Shah,Misbah-ul-Haq,Umesh Yadav,y,40.4,1.0,1.0,0.0,258.0,61.0,1.0,-0.23,11.61,0.08,1.50,87.254,196.0,False,,,0,
558,2,Pakistan,India,41378,376116,Misbah-ul-Haq,Yasir Shah,Umesh Yadav,y,40.5,0.0,0.0,0.0,249.0,197.0,3.0,-0.54,9.12,-0.35,0.99,74.511,196.0,False,,,1,
559,2,Pakistan,India,41378,376116,Misbah-ul-Haq,Yasir Shah,Umesh Yadav,y,40.6,0.0,0.0,0.0,0.0,0.0,0.0,-0.39,3.74,-0.35,0.46,87.859,196.0,False,,,0,
560,2,Pakistan,India,43685,26421,Yasir Shah,Misbah-ul-Haq,Ravichandran Ashwin,y,41.1,0.0,0.0,0.0,151.0,188.0,6.0,-0.46,5.08,-0.05,0.77,52.554,196.0,False,,,1,
561,2,Pakistan,India,43685,26421,Yasir Shah,Misbah-ul-Haq,Ravichandran Ashwin,y,41.2,4.0,4.0,0.0,346.0,241.0,3.0,-0.86,5.23,-0.71,0.70,52.674,200.0,False,,,1,
562,2,Pakistan,India,43685,26421,Yasir Shah,Misbah-ul-Haq,Ravichandran Ashwin,y,41.3,0.0,0.0,0.0,249.0,197.0,3.0,-0.45,6.08,-0.03,0.83,52.813,200.0,False,,,0,
563,2,Pakistan,India,43685,26421,Yasir Shah,Misbah-ul-Haq,Ravichandran Ashwin,y,41.4,0.0,0.0,0.0,194.0,150.0,1.0,-0.07,4.12,0.64,0.79,52.353,200.0,False,,,0,
564,2,Pakistan,India,43685,26421,Yasir Shah,Misbah-ul-Haq,Ravichandran Ashwin,y,41.5,0.0,0.0,0.0,0.0,0.0,0.0,-0.42,4.99,0.09,0.79,52.412,200.0,False,,,0,
565,2,Pakistan,India,43685,26421,Yasir Shah,Misbah-ul-Haq,Ravichandran Ashwin,y,41.6,0.0,0.0,0.0,127.0,188.0,6.0,-0.36,4.32,-0.34,0.51,61.577,200.0,False,,,1,
566,2,Pakistan,India,41378,537119,Misbah-ul-Haq,Yasir Shah,Mohit Sharma,y,42.1,0.0,0.0,0.0,125.0,133.0,7.0,-0.25,6.54,-0.27,0.88,65.638,200.0,False,,,1,
567,2,Pakistan,India,41378,537119,Misbah-ul-Haq,Yasir Shah,Mohit Sharma,y,42.2,0.0,0.0,0.0,0.0,0.0,0.0,-0.40,13.54,-0.49,1.92,81.836,200.0,False,,,1,
568,2,Pakistan,India,41378,537119,Misbah-ul-Haq,Yasir Shah,Mohit Sharma,y,42.3,1.0,1.0,0.0,325.0,225.0,3.0,-0.19,-1.91,-0.23,0.33,84.202,201.0,False,,,1,
569,2,Pakistan,India,43685,537119,Yasir Shah,Misbah-ul-Haq,Mohit Sharma,y,42.4,2.0,2.0,0.0,310.0,193.0,3.0,-0.39,13.39,-0.50,1.90,81.707,203.0,False,,,0,
570,2,Pakistan,India,43685,537119,Yasir Shah,Misbah-ul-Haq,Mohit Sharma,y,42.5,0.0,0.0,0.0,237.0,231.0,4.0,-0.20,4.48,-0.14,0.45,82.098,203.0,True,caught,43685,0,
571,2,Pakistan,India,317252,537119,Sohail Khan,Misbah-ul-Haq,Mohit Sharma,y,42.6,0.0,0.0,0.0,182.0,191.0,4.0,-0.21,7.27,-0.06,0.59,84.310,203.0,False,,,1,
572,2,Pakistan,India,41378,234675,Misbah-ul-Haq,Sohail Khan,Ravindra Jadeja,y,43.1,0.0,0.0,0.0,110.0,176.0,6.0,-0.05,6.33,-0.05,0.76,54.947,203.0,False,,,1,
573,2,Pakistan,India,41378,234675,Misbah-ul-Haq,Sohail Khan,Ravindra Jadeja,y,43.2,0.0,0.0,0.0,268.0,285.0,4.0,0.15,4.07,0.39,0.54,61.965,203.0,False,,,1,
574,2,Pakistan,India,41378,234675,Misbah-ul-Haq,Sohail Khan,Ravindra Jadeja,y,43.3,4.0,4.0,0.0,335.0,272.0,3.0,0.00,3.85,0.07,0.64,57.179,207.0,False,,,1,
575,2,Pakistan,India,41378,234675,Misbah-ul-Haq,Sohail Khan,Ravindra Jadeja,y,43.4,4.0,4.0,0.0,332.0,91.0,2.0,-0.34,5.92,-0.30,0.72,57.745,211.0,False,,,1,
576,2,Pakistan,India,41378,234675,Misbah-ul-Haq,Sohail Khan,Ravindra Jadeja,y,43.5,4.0,4.0,0.0,335.0,102.0,2.0,-0.18,2.66,-0.03,0.48,63.124,215.0,False,,,1,
577,2,Pakistan,India,41378,234675,Misbah-ul-Haq,Sohail Khan,Ravindra Jadeja,y,43.6,0.0,0.0,0.0,123.0,198.0,6.0,-0.08,2.24,0.02,0.34,63.322,215.0,False,,,1,
578,2,Pakistan,India,317252,376116,Sohail Khan,Misbah-ul-Haq,Umesh Yadav,y,44.1,0.0,0.0,0.0,0.0,0.0,0.0,-0.16,11.68,0.28,1.37,85.467,215.0,False,,,1,
579,2,Pakistan,India,317252,376116,Sohail Khan,Misbah-ul-Haq,Umesh Yadav,y,44.2,0.0,0.0,0.0,240.0,199.0,3.0,-0.18,9.10,0.05,1.09,86.761,215.0,False,,,1,
580,2,Pakistan,India,317252,376116,Sohail Khan,Misbah-ul-Haq,Umesh Yadav,y,44.3,0.0,0.0,0.0,0.0,0.0,0.0,-0.08,11.41,0.56,1.35,88.206,215.0,False,,,1,
581,2,Pakistan,India,317252,376116,Sohail Khan,Misbah-ul-Haq,Umesh Yadav,y,44.4,4.0,4.0,0.0,334.0,265.0,3.0,-0.40,11.23,-0.39,1.29,88.026,219.0,False,,,1,
582,2,Pakistan,India,317252,376116,Sohail Khan,Misbah-ul-Haq,Umesh Yadav,y,44.5,0.0,1.0,1.0,0.0,0.0,0.0,0.10,10.50,0.91,1.08,86.305,220.0,False,,,1,Wd
583,2,Pakistan,India,317252,376116,Sohail Khan,Misbah-ul-Haq,Umesh Yadav,y,44.5,0.0,0.0,0.0,0.0,0.0,0.0,-0.40,12.76,-0.07,1.87,86.920,220.0,False,,,1,
584,2,Pakistan,India,317252,376116,Sohail Khan,Misbah-ul-Haq,Umesh Yadav,y,44.6,0.0,0.0,0.0,0.0,0.0,0.0,-0.13,12.17,0.29,1.65,88.106,220.0,False,,,1,
585,2,Pakistan,India,41378,481896,Misbah-ul-Haq,Sohail Khan,Mohammed Shami,y,45.1,0.0,0.0,0.0,0.0,0.0,0.0,0.63,12.20,0.03,1.70,87.134,220.0,False,,,1,
586,2,Pakistan,India,41378,481896,Misbah-ul-Haq,Sohail Khan,Mohammed Shami,y,45.2,0.0,0.0,0.0,317.0,188.0,3.0,0.49,11.64,-0.40,1.48,89.148,220.0,False,,,0,
587,2,Pakistan,India,41378,481896,Misbah-ul-Haq,Sohail Khan,Mohammed Shami,y,45.3,0.0,0.0,0.0,183.0,196.0,4.0,0.06,5.26,-0.37,0.53,85.324,220.0,False,,,0,
588,2,Pakistan,India,41378,481896,Misbah-ul-Haq,Sohail Khan,Mohammed Shami,y,45.4,0.0,0.0,0.0,250.0,222.0,3.0,0.54,13.28,-0.43,1.93,87.554,220.0,True,caught,41378,0,
589,2,Pakistan,India,429981,481896,Mohammad Irfan,Sohail Khan,Mohammed Shami,y,45.5,0.0,0.0,0.0,0.0,0.0,0.0,0.63,13.21,-0.12,2.18,88.630,220.0,False,,,1,
590,2,Pakistan,India,429981,481896,Mohammad Irfan,Sohail Khan,Mohammed Shami,y,45.6,0.0,0.0,0.0,0.0,0.0,0.0,0.49,12.82,-0.15,1.79,81.372,220.0,False,,,1,
591,2,Pakistan,India,317252,537119,Sohail Khan,Mohammad Irfan,Mohit Sharma,y,46.1,2.0,2.0,0.0,290.0,86.0,2.0,-0.00,7.18,0.31,0.78,65.835,222.0,False,,,1,
592,2,Pakistan,India,317252,537119,Sohail Khan,Mohammad Irfan,Mohit Sharma,y,46.2,1.0,1.0,0.0,257.0,296.0,4.0,-0.06,3.10,-0.04,0.33,84.516,223.0,False,,,0,
593,2,Pakistan,India,429981,537119,Mohammad Irfan,Sohail Khan,Mohit Sharma,y,46.3,0.0,0.0,0.0,114.0,191.0,6.0,-0.41,4.59,-0.42,0.47,85.764,223.0,False,,,0,
594,2,Pakistan,India,429981,537119,Mohammad Irfan,Sohail Khan,Mohit Sharma,y,46.4,0.0,0.0,0.0,0.0,0.0,0.0,-0.52,12.47,-0.88,1.50,82.787,223.0,False,,,1,
595,2,Pakistan,India,429981,537119,Mohammad Irfan,Sohail Khan,Mohit Sharma,y,46.5,1.0,1.0,0.0,243.0,275.0,4.0,-0.15,7.81,0.10,0.69,83.199,224.0,False,,,1,
596,2,Pakistan,India,317252,537119,Sohail Khan,Mohammad Irfan,Mohit Sharma,y,46.6,0.0,0.0,0.0,236.0,259.0,4.0,-0.19,5.04,-0.14,0.78,65.092,224.0,True,caught,317252,0,
